Data,Otwarcie,Najwyzszy,Najnizszy,Zamkniecie,Wolumen
2015-01-02,219.19839,221.00995,218.49389,221.00995,176
2015-01-05,219.99234,219.99234,218.14724,218.24788,2482
2015-01-07,218.20315,221.994,218.20315,221.00995,3297
2015-01-08,221.00995,227.9878,219.93643,227.9878,4639
2015-01-09,225.11391,227.9878,225.11391,227.9878,1145
2015-01-12,227.00374,227.9878,227.00374,227.9878,1408
2015-01-13,227.9878,240.00893,227.00374,238.9466,9285
2015-01-14,240.00893,243.49785,240.00893,241.4962,9166
2015-01-15,241.84285,248.00438,241.84285,245.05221,13343
2015-01-16,245.05221,247.84783,244.9963,244.9963,2855
2015-01-19,244.9963,245.49951,236.49764,237.49288,3123
2015-01-20,238.99133,246.20401,238.99133,244.90684,2591
2015-01-21,244.00106,244.44836,240.00893,244.44836,8582
2015-01-22,244.00106,244.00106,242.99464,243.55377,2724
2015-01-23,244.00106,247.48999,240.50096,241.99941,3051
2015-01-26,241.99941,246.99796,240.09839,240.99298,2324
2015-01-27,246.00272,246.99796,240.99298,240.99298,1949
2015-01-28,240.99298,241.99941,240.99298,241.14954,1337
2015-01-29,240.31086,255.00459,240.31086,255.00459,2593
2015-01-30,255.00459,267.9986,255.00459,264.00647,9224
2015-02-02,265.99694,266.99218,264.00647,264.00647,15314
2015-02-03,263.794,264.00647,255.99983,258.98555,3790
2015-02-04,260.94248,264.00647,260.10379,264.00647,1349
2015-02-05,264.00647,264.00647,262.98886,264.00647,3645
2015-02-06,264.00647,265.99694,263.51444,265.99694,2652
2015-02-09,265.99694,266.50015,264.29721,264.99052,4643
2015-02-10,264.99052,264.99052,263.08951,263.68218,2568
2015-02-11,261.09903,265.94103,261.09903,264.00647,2576
2015-02-12,264.99052,267.9986,264.69978,267.9986,6626
2015-02-13,267.9986,270.00026,267.9986,269.95553,2391
2015-02-16,270.00026,271.94601,268.50181,271.54344,266
2015-02-17,271.54344,275.50203,271.54344,275.50203,4141
2015-02-18,275.99405,277.99571,275.08828,276.48608,8850
2015-02-19,277.99571,279.01332,276.48608,279.01332,2288
2015-02-20,279.01332,281.99903,279.01332,279.99737,5676
2015-02-23,278.59956,280.50058,278.49892,279.99737,2340
2015-02-24,279.99737,281.01497,278.55484,279.99737,2132
2015-02-25,279.49416,280.2993,277.99571,278.09635,2223
2015-02-26,277.99571,281.01497,277.99571,279.89673,14786
2015-02-27,279.99737,279.99737,278.20818,279.89673,2085
2015-03-02,279.89673,281.01497,279.89673,281.01497,1313
2015-03-03,281.48464,281.48464,281.09325,281.39518,3540
2015-03-04,281.39518,282.89363,280.50058,282.89363,6048
2015-03-05,283.05018,285.00711,283.05018,284.49272,3820
2015-03-06,285.00711,285.45441,284.54863,285.00711,1653
2015-03-09,285.00711,286.00235,285.00711,286.00235,2041
2015-03-10,286.00235,286.50556,285.45441,286.00235,2778
2015-03-11,285.51032,286.85221,285.39849,285.51032,1157
2015-03-12,285.00711,285.00711,280.41112,281.9543,1873
2015-03-13,277.01166,279.99737,265.10235,279.99737,3809
2015-03-16,279.99737,281.01497,276.79919,279.01332,4423
2015-03-17,279.852,279.99737,277.99571,279.852,4591
2015-03-18,281.01497,286.00235,281.01497,286.00235,11166
2015-03-19,287.99282,289.50245,287.99282,289.24526,1804
2015-03-20,289.89384,293.49459,289.30117,293.49459,1968
2015-03-23,293.94189,297.79983,293.49459,297.79983,3857
2015-03-24,297.79983,298.00112,295.25023,295.94355,2285
2015-03-25,293.9978,293.9978,292.51053,292.90192,1492
2015-03-26,291.90668,291.90668,275.99405,287.64617,4220
2015-03-27,285.00711,289.89384,285.00711,289.89384,714
2015-03-30,289.50245,289.89384,286.00235,287.99282,1882
2015-03-31,287.99282,289.9833,287.00877,289.44654,7479
2015-04-01,289.94975,289.9833,287.00877,289.9833,3961
2015-04-02,291.0009,291.0009,288.03755,289.9833,1836
2015-04-07,291.0009,291.0009,285.00711,285.00711,1899
2015-04-08,285.00711,285.00711,273.0978,276.41899,4094
2015-04-09,276.36307,279.99737,276.04997,279.99737,3566
2015-04-10,284.90647,284.90647,280.14274,283.00545,1396
2015-04-13,283.00545,283.00545,281.99903,283.00545,1218
2015-04-14,279.99737,281.01497,279.70663,281.01497,7498
2015-04-15,280.95906,280.95906,276.54199,278.9574,1432
2015-04-16,277.99571,282.8489,277.99571,279.99737,1745
2015-04-17,279.99737,282.89363,277.3024,279.99737,1299
2015-04-20,277.99571,279.01332,275.14419,277.43659,3152
2015-04-21,277.43659,279.89673,270.30219,272.50513,8452
2015-04-22,272.50513,275.50203,268.99384,274.00358,3958
2015-04-23,275.01,279.99737,271.09614,279.99737,6332
2015-04-24,279.99737,279.99737,274.19368,277.9398,3438
2015-04-27,277.9398,289.70374,275.99405,281.99903,6711
2015-04-28,285.00711,289.9833,281.99903,287.99282,5170
2015-04-29,288.31711,288.95451,285.39849,287.99282,1827
2015-04-30,287.00877,288.99924,287.00877,288.99924,2016
2015-05-04,288.99924,289.50245,287.04231,287.99282,1967
2015-05-05,287.14296,288.99924,287.14296,287.14296,1899
2015-05-06,287.00877,288.36184,287.00877,287.94809,5658
2015-05-07,287.94809,288.49603,287.94809,287.94809,3152
2015-05-08,286.04708,287.99282,286.04708,287.99282,3200
2015-05-11,287.99282,287.99282,285.61096,287.99282,1592
2015-05-12,280.19866,289.9833,279.60599,287.99282,5063
2015-05-13,289.50245,291.0009,287.99282,291.0009,2542
2015-05-14,291.0009,291.60475,288.4513,291.56002,509
2015-05-15,288.54076,289.9833,287.54553,288.99924,567
2015-05-18,288.99924,288.99924,285.05184,288.99924,486
2015-05-19,286.50556,288.85387,285.05184,286.00235,211
2015-05-20,288.39188,288.39188,284.98906,288.29277,1283
2015-05-21,288.00645,295.99041,288.00645,293.99718,2023
2015-05-22,293.99718,293.99718,292.1471,293.00606,1552
2015-05-25,292.89594,293.99718,286.88319,289.99969,1110
2015-05-26,289.95564,291.00181,287.15849,288.00645,532
2015-05-27,291.00181,291.00181,286.88319,290.83663,539
2015-05-28,288.00645,290.83663,288.00645,290.5503,2389
2015-05-29,290.44018,292.00394,288.60112,292.00394,3092
2015-06-01,292.49949,295.20854,292.40038,294.9993,1614
2015-06-02,294.9993,302.00317,291.2551,301.00104,2968
2015-06-03,302.00317,302.00317,295.99041,295.99041,864
2015-06-05,294.94424,294.94424,285.15424,291.00181,888
2015-06-08,290.49524,297.69733,287.90734,293.00606,6507
2015-06-09,291.00181,293.00606,288.00645,288.00645,854
2015-06-10,287.90734,289.91159,284.98906,284.98906,1082
2015-06-11,284.98906,288.84339,284.98906,286.0022,918
2015-06-12,286.88319,286.88319,273.20583,275.09995,951
2015-06-15,275.09995,284.90096,275.09995,279.00934,1594
2015-06-16,279.00934,281.99369,279.00934,281.99369,3384
2015-06-17,284.00896,284.00896,282.50026,282.50026,2210
2015-06-18,282.50026,282.50026,279.00934,281.25587,1237
2015-06-19,282.39014,282.4452,279.00934,279.00934,575
2015-06-22,279.00934,279.98944,279.00934,279.98944,1023
2015-06-23,280.36386,281.99369,276.10208,281.99369,4342
2015-06-24,281.99369,286.99331,279.09744,286.93825,970
2015-06-25,286.93825,286.93825,281.04663,285.49563,2805
2015-06-26,284.98906,286.0022,280.04451,284.90096,514
2015-06-29,275.99195,281.9056,250.99388,281.9056,7684
2015-06-30,275.09995,281.00258,273.20583,279.98944,2956
2015-07-01,280.65019,280.70525,277.06015,277.99621,509
2015-07-02,279.8573,280.80436,276.48751,277.00509,11658
2015-07-03,280.80436,280.89246,276.20119,276.20119,1878
2015-07-06,275.59551,279.64806,273.51417,279.64806,541
2015-07-07,276.48751,279.46085,270.2435,270.99234,494
2015-07-08,270.99234,272.99659,268.019,270.99234,1303
2015-07-09,270.99234,275.00084,270.00123,275.00084,1200
2015-07-10,275.00084,281.99369,275.00084,281.99369,591
2015-07-13,281.99369,281.99369,277.99621,277.99621,1255
2015-07-14,279.98944,279.98944,277.99621,279.593,683
2015-07-15,279.00934,281.00258,279.00934,279.49389,420
2015-07-16,280.49601,281.99369,280.09957,281.99369,964
2015-07-17,280.55107,288.00645,280.55107,288.00645,1902
2015-07-20,284.00896,289.49312,284.00896,287.9624,562
2015-07-21,287.79721,287.79721,281.10169,286.0022,4048
2015-07-22,281.00258,286.99331,281.00258,285.95815,5287
2015-07-23,283.19404,286.88319,283.19404,286.0022,1590
2015-07-24,286.0022,289.49312,282.99582,289.49312,4328
2015-07-27,289.99969,291.00181,288.00645,290.30803,3123
2015-07-28,290.30803,295.30765,290.30803,294.9993,3225
2015-07-29,295.15347,296.50799,290.44018,295.05436,2181
2015-07-30,294.9993,294.9993,291.20003,294.1954,246
2015-07-31,294.9993,302.00317,294.9993,298.99679,2161
2015-08-03,298.99679,298.99679,294.9993,297.80745,533
2015-08-04,298.95274,299.99892,297.00355,299.99892,1392
2015-08-05,300.89092,303.00529,300.71472,302.00317,1884
2015-08-06,302.00317,302.95023,300.54953,302.00317,1180
2015-08-07,302.00317,303.00529,300.05398,303.00529,571
2015-08-10,303.00529,303.00529,301.19926,303.00529,588
2015-08-11,303.00529,303.00529,299.99892,301.29837,1835
2015-08-12,301.19926,314.88764,301.19926,314.71144,3183
2015-08-13,314.71144,314.79954,308.03794,309.40348,2019
2015-08-14,313.80842,318.99525,311.95835,318.99525,3495
2015-08-17,318.99525,318.99525,313.00452,313.58818,1562
2015-08-18,318.49969,321.01051,318.45564,319.7551,5246
2015-08-19,319.99737,324.51245,319.99737,324.51245,2324
2015-08-20,325.008,331.00974,324.45738,331.00974,4265
2015-08-21,327.19946,331.00974,320.04142,325.008,2337
2015-08-24,316.94695,316.94695,303.00529,313.00452,19277
2015-08-25,306.00066,314.99776,306.00066,314.99776,4379
2015-08-26,314.99776,319.99737,313.99563,319.99737,3963
2015-08-27,328.95043,331.00974,327.01225,327.90425,27152
2015-08-28,331.00974,331.00974,327.90425,328.89537,5570
2015-08-31,329.88648,330.89962,327.98134,329.00549,8307
2015-09-01,325.008,327.01225,325.008,327.01225,1736
2015-09-02,325.008,330.84456,323.98385,329.9966,1869
2015-09-03,330.89962,344.89634,330.89962,336.69212,5215
2015-09-04,336.69212,348.94889,336.69212,347.93575,7177
2015-09-07,349.00395,357.99004,337.99158,348.94889,3280
2015-09-08,350.05013,354.96164,340.29317,347.8036,2788
2015-09-09,348.80573,348.80573,337.08857,343.04626,2105
2015-09-10,343.04626,355.0167,339.00472,355.0167,1783
2015-09-11,355.0167,357.00994,345.14962,352.95739,3400
2015-09-14,353.99255,354.48811,348.04587,354.48811,1752
2015-09-15,357.00994,359.49874,349.99506,354.85152,1889
2015-09-16,354.79646,354.90658,351.99931,354.69734,1642
2015-09-17,351.0082,355.0167,349.88494,351.80109,2533
2015-09-18,353.01245,353.01245,343.15638,349.75279,12841
2015-09-21,349.88494,352.95739,347.59437,349.65368,1653
2015-09-22,349.70874,349.88494,344.20256,349.88494,1495
2015-09-23,349.99506,349.99506,342.49564,344.89634,1889
2015-09-24,344.89634,347.93575,334.99622,337.99158,7690
2015-09-25,345.00646,345.00646,336.15252,342.00009,2169
2015-09-28,339.99583,342.00009,339.99583,341.94502,442
2015-09-29,335.15039,341.59263,335.15039,340.54645,7012
2015-09-30,340.54645,352.85828,338.15677,342.00009,2774
2015-10-01,343.00221,347.01071,342.19831,344.00434,1174
2015-10-02,345.00646,345.00646,341.05302,342.00009,188
2015-10-05,341.05302,348.80573,339.99583,348.39827,760
2015-10-06,348.39827,349.49951,348.35422,348.94889,1998
2015-10-07,349.29027,349.99506,340.78872,345.00646,1052
2015-10-08,345.8434,345.8434,340.51342,341.00897,1003
2015-10-09,343.00221,352.48386,339.99583,352.48386,1054
2015-10-12,351.05225,353.01245,345.10557,349.99506,806
2015-10-13,345.49101,351.0082,345.49101,347.09881,483
2015-10-14,347.09881,347.09881,341.00897,341.00897,798
2015-10-15,341.00897,344.09243,340.54645,341.00897,4268
2015-10-16,341.00897,343.00221,339.99583,343.00221,980
2015-10-19,343.00221,343.00221,337.2978,343.00221,1001
2015-10-20,341.00897,342.00009,337.01148,337.84842,294
2015-10-21,337.99158,339.00472,329.9966,334.99622,2055
2015-10-22,334.99622,334.99622,331.00974,333.30031,1590
2015-10-23,335.99834,335.99834,330.74545,333.99409,2517
2015-10-26,333.99409,343.15638,332.99197,342.00009,3392
2015-10-27,343.15638,352.40677,343.15638,352.40677,8592
2015-10-28,352.40677,352.40677,345.99757,349.00395,1191
2015-10-29,349.00395,349.00395,346.05264,348.10094,1015
2015-10-30,345.99757,349.79684,345.99757,349.79684,590
2015-11-02,349.99506,351.99931,347.49526,349.94,628
2015-11-03,349.99506,349.99506,335.29355,344.49989,1659
2015-11-04,344.49989,349.00395,340.78872,341.19618,1132
2015-11-05,349.49951,350.68884,337.99158,345.20468,1570
2015-11-06,345.99757,348.90484,341.19618,345.99757,5403
2015-11-09,345.00646,345.00646,340.65658,342.9031,2445
2015-11-10,342.79298,376.98638,339.99583,359.00318,2558
2015-11-12,369.49797,369.49797,358.90407,359.00318,2390
2015-11-13,359.00318,360.00531,357.00994,357.99004,6039
2015-11-16,357.99004,360.00531,355.0167,357.00994,937
2015-11-17,358.95913,358.95913,353.99255,358.44155,1376
2015-11-18,359.00318,363.54028,355.50125,362.70334,1341
2015-11-19,364.90581,364.90581,360.20353,361.50299,1129
2015-11-20,360.99642,361.50299,355.9968,357.80283,1130
2015-11-23,357.80283,357.99004,351.99931,353.88243,1511
2015-11-24,357.49449,357.49449,341.05302,348.94889,2268
2015-11-25,348.90484,348.90484,340.20507,347.93575,2129
2015-11-26,349.99506,351.88919,343.81713,349.99506,2929
2015-11-27,351.40465,355.0167,342.24236,344.49989,4137
2015-11-30,345.99757,347.19792,327.01225,333.09108,17530
2015-12-01,333.2012,339.88571,333.2012,334.99622,4648
2015-12-02,334.99622,338.8946,333.2012,334.99622,2572
2015-12-03,332.99197,339.04877,330.50317,335.80012,2753
2015-12-04,334.99622,334.99622,327.98134,334.90812,12796
2015-12-07,334.90812,338.49815,329.9966,334.99622,6138
2015-12-08,335.45874,345.00646,335.45874,345.00646,4483
2015-12-09,339.99583,345.00646,337.70526,345.00646,2320
2015-12-10,337.99158,349.00395,337.99158,349.00395,2193
2015-12-11,347.99081,351.99931,342.69386,342.69386,5874
2015-12-14,340.51342,343.00221,330.05167,331.80263,2285
2015-12-15,330.50317,341.94502,329.00549,330.09572,5542
2015-12-16,333.99409,341.84591,332.45236,334.99622,2707
2015-12-17,339.99583,339.99583,334.99622,337.99158,4976
2015-12-18,339.99583,345.00646,334.50066,343.00221,2412
2015-12-21,344.00434,349.99506,343.00221,345.00646,2313
2015-12-22,345.99757,349.99506,345.49101,349.84089,2865
2015-12-23,346.05264,351.0082,342.5507,349.70874,3607
2015-12-28,349.70874,353.01245,346.55921,353.01245,2741
2015-12-29,349.49951,359.89518,349.49951,357.99004,2896
2015-12-30,357.99004,359.89518,353.10055,359.89518,3404
2016-01-04,359.00318,360.00531,350.50163,359.00318,2474
2016-01-05,357.00994,357.00994,353.10055,357.00994,4282
2016-01-07,350.90909,355.0167,350.90909,353.10055,4292
2016-01-08,353.99255,353.99255,351.05225,352.2526,3518
2016-01-11,345.34784,349.84089,345.34784,347.45121,6118
2016-01-12,348.94889,348.94889,342.00009,344.9514,10894
2016-01-13,345.00646,345.00646,342.00009,342.00009,5003
2016-01-14,342.00009,345.00646,339.00472,340.95391,5117
2016-01-15,340.54645,343.00221,337.99158,339.99583,8835
2016-01-18,339.99583,339.99583,319.99737,324.25916,13817
2016-01-19,329.9966,332.99197,323.00375,325.008,9077
2016-01-20,329.75433,329.75433,319.99737,319.99737,8183
2016-01-21,319.99737,324.95294,318.65387,321.94656,9765
2016-01-22,319.99737,321.99061,319.14942,319.14942,5242
2016-01-25,319.99737,323.98385,319.99737,323.98385,4434
2016-01-26,323.98385,327.19946,319.99737,321.90251,2631
2016-01-27,325.008,325.008,320.50394,323.59842,12001
2016-01-28,322.08972,328.95043,322.08972,323.59842,4795
2016-01-29,329.49004,329.9966,324.25916,325.93304,5162
2016-02-01,325.49255,328.95043,325.49255,328.68613,3493
2016-02-02,327.98134,334.10422,327.98134,332.00086,3578
2016-02-03,332.99197,334.95217,322.50819,322.50819,12822
2016-02-04,322.19985,333.99409,322.19985,332.95893,3847
2016-02-05,332.95893,334.99622,329.65522,331.49429,4203
2016-02-08,331.49429,333.93903,329.00549,329.79838,3005
2016-02-09,329.9966,331.85769,328.20159,329.9966,4184
2016-02-10,329.9966,329.9966,327.98134,327.98134,3194
2016-02-11,325.9881,327.24351,321.49506,322.59629,2287
2016-02-12,322.59629,329.75433,322.59629,328.49892,9432
2016-02-15,331.00974,334.99622,326.6048,328.09146,893
2016-02-16,327.98134,328.09146,326.50568,328.09146,420
2016-02-17,328.09146,328.49892,324.30321,324.30321,2410
2016-02-18,324.68864,337.84842,324.68864,334.798,4471
2016-02-19,333.99409,334.798,333.99409,334.75395,658
2016-02-22,334.99622,336.25163,325.65773,326.19734,1613
2016-02-23,327.06731,333.88397,326.40657,327.06731,1100
2016-02-24,327.06731,332.59552,327.06731,331.00974,513
2016-02-25,327.06731,333.35538,327.06731,332.65059,1497
2016-02-26,331.64846,337.94753,329.9966,336.39479,1827
2016-02-29,336.80225,350.34746,336.50491,347.99081,3306
2016-03-01,345.00646,347.3521,342.08818,342.5507,930
2016-03-02,341.00897,343.10132,339.19193,341.94502,532
2016-03-03,341.10808,341.10808,338.94966,340.45835,2982
2016-03-04,345.8434,345.8434,340.40329,341.94502,138
2016-03-07,344.00434,344.00434,335.65696,335.69,903
2016-03-08,335.29355,343.54182,335.29355,342.35248,2237
2016-03-09,344.00434,348.39827,336.15252,345.00646,1277
2016-03-10,346.84553,346.84553,341.15213,343.65194,1314
2016-03-11,329.9966,339.99583,329.9966,339.88571,1574
2016-03-14,335.99834,338.5422,334.50066,337.99158,4026
2016-03-15,338.94966,338.94966,334.50066,337.89247,788
2016-03-16,337.89247,337.89247,334.50066,335.15039,1991
2016-03-17,336.95642,336.95642,327.98134,327.98134,3404
2016-03-18,327.01225,327.01225,319.05031,319.99737,11198
2016-03-21,318.00414,318.00414,304.09552,308.95197,12655
2016-03-22,309.81093,314.99776,306.00066,307.79567,5123
2016-03-23,309.98713,309.98713,307.00278,307.00278,1837
2016-03-24,308.48945,308.48945,303.51186,303.9964,1776
2016-03-29,303.9964,310.90116,303.9964,309.85498,5652
2016-03-30,310.09726,314.99776,302.49872,302.49872,3541
2016-03-31,304.99853,312.39884,304.99853,312.39884,3077
2016-04-01,317.90503,317.90503,313.20274,313.31287,2049
2016-04-04,315.10788,315.99989,313.40097,313.40097,1360
2016-04-05,314.9427,314.9427,306.20989,311.99138,2050
2016-04-06,314.5022,314.5022,306.00066,306.15483,6744
2016-04-07,312.94946,313.99563,299.99892,303.00529,38271
2016-04-08,303.1925,307.00278,300.09803,306.00066,887
2016-04-11,307.00278,307.00278,305.09764,305.65927,376
2016-04-12,305.70332,307.00278,305.65927,306.00066,5039
2016-04-13,306.00066,309.98713,304.99853,309.85498,1393
2016-04-14,313.80842,313.80842,308.09301,308.99602,3739
2016-04-15,308.99602,308.99602,307.00278,308.59957,2684
2016-04-18,307.00278,313.00452,307.00278,307.10189,4316
2016-04-19,306.09977,313.00452,305.60421,313.00452,2647
2016-04-20,313.53312,313.80842,310.25143,313.80842,4647
2016-04-21,313.80842,317.00201,310.09726,315.26206,1867
2016-04-22,315.95584,323.70854,312.10151,323.00375,3137
2016-04-25,325.008,325.008,320.04142,320.26167,5310
2016-04-26,320.26167,324.95294,320.09649,324.03891,1704
2016-04-27,323.98385,327.98134,323.98385,326.84707,3516
2016-04-28,326.84707,326.84707,323.98385,325.008,14760
2016-04-29,321.09861,327.99235,321.09861,327.99235,1831
2016-05-02,328.89537,330.95468,322.08972,330.95468,951
2016-05-04,331.00974,334.99622,330.95468,331.54935,6210
2016-05-05,320.64897,329.74901,320.64897,325.05257,952
2016-05-06,327.50383,331.98335,324.99834,326.00704,7272
2016-05-09,325.05257,327.0049,321.20214,322.00476,9110
2016-05-10,323.19785,323.94625,317.6554,322.75316,459
2016-05-11,319.9982,324.00048,319.9982,323.00262,1112
2016-05-12,324.49941,329.49955,324.00048,329.49955,9603
2016-05-13,329.28262,332.40636,323.00262,328.30646,9574
2016-05-16,330.89872,332.49313,327.99192,332.49313,399
2016-05-17,332.49313,333.50183,331.98335,333.3066,5406
2016-05-18,332.09181,333.3066,329.99848,329.99848,14478
2016-05-19,328.89216,333.0029,324.99834,329.05485,5479
2016-05-20,328.08953,331.96166,326.64697,331.00718,2385
2016-05-23,329.99848,334.95524,329.99848,334.95524,2674
2016-05-24,335.00947,335.00947,334.00076,335.00947,995
2016-05-25,335.5084,341.35455,330.0961,336.99434,4713
2016-05-27,335.99648,340.99662,335.99648,340.00961,1774
2016-05-30,340.00961,342.00533,339.5866,340.60615,2429
2016-05-31,340.10723,343.90343,340.10723,343.90343,6765
2016-06-01,339.1419,344.9989,339.1419,341.89686,5243
2016-06-02,336.99434,339.49983,336.99434,339.0009,3700
2016-06-03,339.49983,344.9989,338.50197,344.9989,1613
2016-06-06,344.9989,344.9989,340.99662,342.68864,491
2016-06-07,344.69521,344.9989,339.80353,344.91213,1837
2016-06-08,344.00104,344.00104,340.00961,342.6561,2328
2016-06-09,331.06142,342.39579,331.06142,340.00961,2083
2016-06-10,340.00961,340.99662,338.00304,339.0009,2776
2016-06-13,335.00947,335.95309,331.64712,335.00947,1782
2016-06-14,335.00947,342.50426,333.0029,340.00961,1407
2016-06-15,340.00961,340.99662,335.99648,340.00961,1601
2016-06-16,333.50183,333.54522,322.00476,327.90514,1201
2016-06-17,329.99848,329.99848,321.25637,324.99834,4192
2016-06-20,324.99834,340.00961,324.99834,337.49327,1283
2016-06-21,329.99848,340.00961,329.99848,331.19157,2066
2016-06-22,334.95524,337.89458,331.98335,331.98335,882
2016-06-23,331.98335,340.00961,331.50611,339.0009,3880
2016-06-24,311.4947,324.00048,311.10424,321.39737,9317
2016-06-27,321.39737,331.98335,321.39737,329.99848,5089
2016-06-28,329.49955,339.0009,329.49955,338.00304,624
2016-06-29,337.04857,340.94239,335.00947,340.94239,687
2016-06-30,340.99662,344.00104,336.49541,344.00104,1920
2016-07-01,342.50426,346.79939,342.50426,345.04229,1095
2016-07-04,344.9989,349.39165,341.09424,349.19642,689
2016-07-05,348.14433,349.00119,341.40878,344.8579,344
2016-07-06,343.1008,345.99676,341.04001,345.99676,234
2016-07-07,344.91213,352.99262,341.35455,352.99262,2227
2016-07-08,350.05328,350.54136,348.30702,350.54136,491
2016-07-11,350.49797,350.49797,345.24837,350.44374,192
2016-07-12,350.49797,350.49797,347.55863,350.49797,2740
2016-07-13,347.55863,352.00561,347.55863,352.00561,949
2016-07-14,345.80153,353.5024,345.80153,353.5024,469
2016-07-15,353.5024,354.99919,345.04229,353.99048,1082
2016-07-18,353.99048,359.95594,349.99904,358.89301,1590
2016-07-19,355.49812,358.50254,353.6434,357.90599,110
2016-07-20,354.99919,359.00147,354.99919,358.94724,257
2016-07-21,356.00789,358.00361,355.05342,357.94938,209
2016-07-22,354.55449,357.94938,341.09424,349.50012,1168
2016-07-25,347.00547,351.00775,343.55635,344.74944,807
2016-07-26,344.9989,348.00333,344.00104,347.00547,1302
2016-07-27,342.99234,348.90357,342.99234,348.36125,54
2016-07-28,349.99904,358.00361,344.15289,354.99919,1738
2016-07-29,357.90599,358.00361,356.00789,358.00361,924
2016-08-01,358.00361,367.20127,358.00361,362.29874,1997
2016-08-02,364.9127,364.9127,360.99719,361.05142,638
2016-08-03,362.94952,362.94952,356.09466,361.81066,1077
2016-08-04,359.99933,363.00375,339.80353,359.90171,2975
2016-08-05,358.30731,359.99933,356.9949,359.90171,765
2016-08-08,359.95594,360.9538,356.9949,360.9538,609
2016-08-09,360.9538,360.9538,356.9949,359.99933,8302
2016-08-10,359.48955,369.00175,358.14461,368.05812,30020
2016-08-11,369.50068,370.99747,368.05812,369.99961,935
2016-08-12,369.99961,370.99747,365.14047,369.99961,1953
2016-08-16,370.99747,371.4964,369.00175,371.4964,531
2016-08-17,371.4964,371.4964,363.00375,363.19898,443
2016-08-18,364.9127,366.25764,360.29218,366.25764,503
2016-08-19,368.00389,372.9498,359.00147,365.99733,1333
2016-08-22,366.99519,369.5983,364.99947,366.10579,490
2016-08-23,364.99947,369.99961,364.99947,365.99733,957
2016-08-24,369.99961,369.99961,365.1947,369.99961,1114
2016-08-25,368.11235,374.99975,364.99947,369.99961,1382
2016-08-26,369.99961,369.99961,360.99719,364.00161,2222
2016-08-29,364.00161,364.00161,352.25507,361.99505,1380
2016-08-30,361.99505,361.99505,356.05128,359.99933,3441
2016-08-31,357.04914,361.99505,357.04914,361.99505,1048
2016-09-01,359.99933,361.99505,357.10337,357.10337,493
2016-09-02,361.88658,361.88658,355.24865,359.00147,4072
2016-09-05,359.99933,361.94081,356.05128,361.94081,228
2016-09-06,360.09694,363.00375,359.00147,363.00375,447
2016-09-07,361.99505,366.49626,359.99933,364.99947,1491
2016-09-08,362.45059,366.20341,360.05356,363.00375,677
2016-09-09,361.75643,368.00389,361.7022,364.99947,1585
2016-09-12,364.99947,374.99975,363.00375,371.89771,7890
2016-09-13,370.99747,372.00617,365.99733,371.34455,285
2016-09-14,371.34455,373.00403,367.03857,367.03857,957
2016-09-15,366.96265,369.90199,363.50268,369.90199,111
2016-09-16,368.25336,369.99961,368.25336,369.99961,943
2016-09-19,369.99961,369.99961,365.30316,369.84776,647
2016-09-20,364.00161,369.99961,364.00161,369.84776,356
2016-09-21,369.84776,369.99961,365.4984,366.99519,558
2016-09-22,365.1947,369.00175,365.08624,369.00175,2093
2016-09-23,366.05156,369.50068,366.05156,369.50068,1272
2016-09-26,369.99961,369.99961,366.99519,369.99961,619
2016-09-27,367.61343,373.94766,366.49626,373.94766,1028
2016-09-28,374.00189,379.00203,370.10807,379.00203,2029
2016-09-29,379.00203,381.99561,374.99975,380.15174,5575
2016-09-30,372.49426,385.00003,372.49426,383.4924,2685
2016-10-03,385.00003,385.00003,381.0086,383.00432,843
2016-10-04,381.50753,385.00003,379.00203,385.00003,1762
2016-10-05,384.90242,384.90242,375.60714,379.00203,960
2016-10-06,379.00203,379.00203,375.55291,378.89357,406
2016-10-07,374.99975,379.00203,362.64582,362.64582,446
2016-10-10,363.10137,373.40535,353.99048,353.99048,2397
2016-10-11,353.99048,359.99933,353.99048,359.59801,339
2016-10-12,363.00375,367.29888,357.40706,358.00361,1583
2016-10-13,356.60444,366.79995,356.60444,365.4984,954
2016-10-14,364.99947,372.9498,364.99947,370.10807,642
2016-10-17,369.99961,374.89129,369.99961,373.49212,4130
2016-10-18,374.00189,374.00189,369.99961,372.00617,1313
2016-10-19,369.99961,374.83706,365.08624,370.99747,2347
2016-10-20,373.2535,374.00189,369.04514,374.00189,3439
2016-10-21,374.00189,374.75029,373.90428,374.00189,925
2016-10-24,375.99761,383.94794,375.99761,382.95008,1308
2016-10-25,384.90242,391.99589,384.90242,384.90242,3146
2016-10-26,383.00432,384.05641,379.99989,379.99989,3414
2016-10-27,377.50525,381.99561,374.99975,381.99561,2488
2016-10-28,381.99561,391.99589,379.99989,391.99589,509
2016-10-31,390.99803,394.00246,387.1476,390.01102,1941
2016-11-02,390.01102,390.01102,377.98248,383.89371,2120
2016-11-03,385.00003,385.00003,377.20155,379.99989,1356
2016-11-04,379.99989,379.99989,377.98248,379.99989,1080
2016-11-07,379.99989,379.99989,377.00632,379.75043,951
2016-11-08,379.54435,379.54435,373.04742,375.49868,1911
2016-11-09,368.00389,374.89129,368.00389,370.94324,2009
2016-11-10,368.14489,384.44687,368.14489,375.99761,3006
2016-11-14,382.89585,382.89585,375.21668,375.99761,1991
2016-11-15,373.00403,374.00189,365.99733,369.00175,5665
2016-11-16,368.91498,369.00175,363.00375,364.00161,3111
2016-11-17,364.99947,365.4984,359.99933,364.95608,2315
2016-11-18,361.20327,365.99733,361.20327,364.99947,2312
2016-11-21,364.99947,368.50282,364.99947,367.89543,3533
2016-11-22,368.00389,373.00403,361.99505,372.00617,5526
2016-11-23,371.95194,372.89557,369.99961,372.49426,1859
2016-11-24,372.00617,372.85219,369.99961,372.35326,2198
2016-11-25,372.40749,372.40749,359.20755,368.00389,2493
2016-11-28,366.99519,370.70462,366.99519,370.40092,978
2016-11-29,370.75885,370.75885,364.99947,368.75229,2457
2016-11-30,368.80652,374.89129,368.80652,374.89129,7573
2016-12-01,372.89557,376.746,371.29032,376.746,2714
2016-12-02,374.80452,380.73744,372.10379,380.55305,1039
2016-12-05,381.0086,394.64239,379.00203,394.64239,2545
2016-12-06,393.0046,393.0046,380.04328,389.40363,2143
2016-12-07,389.40363,392.50567,383.54663,386.75713,4590
2016-12-08,389.95679,389.95679,384.20825,386.89814,2167
2016-12-09,390.91126,390.91126,381.99561,387.25606,2227
2016-12-12,385.00003,389.69648,385.00003,387.49468,787
2016-12-13,389.95679,395.00032,388.00446,395.00032,21766
2016-12-14,394.49054,394.49054,385.04342,389.7941,2564
2016-12-15,389.7941,391.99589,385.99789,391.99589,22199
2016-12-16,388.99147,395.00032,388.99147,395.00032,1167
2016-12-19,394.9027,394.9027,383.60086,387.84176,1763
2016-12-20,387.79838,388.28646,386.23651,388.00446,830
2016-12-21,388.00446,388.00446,382.89585,384.00217,1923
2016-12-22,385.95451,385.95451,373.00403,385.90028,1599
2016-12-23,381.13875,386.81136,381.13875,386.81136,355
2016-12-27,386.99575,386.99575,382.04984,386.81136,1400
2016-12-28,386.81136,388.99147,385.00003,388.99147,3668
2016-12-29,388.99147,390.01102,383.94794,385.00003,3359
2016-12-30,375.99761,390.4991,375.99761,390.01102,9365
2017-01-02,394.94608,394.94608,388.99147,391.99589,2600
2017-01-03,393.0046,393.0046,390.04356,390.15202,2017
2017-01-04,390.99803,394.14346,390.4991,394.08923,5141
2017-01-05,394.80508,402.20226,394.58816,398.49282,2948
2017-01-09,399.50153,399.94623,394.04584,395.24978,1036
2017-01-10,399.94623,399.94623,395.24978,395.49925,716
2017-01-11,399.80522,399.98961,396.4971,399.98961,2413
2017-01-12,399.98961,402.00702,397.00688,402.00702,2204
2017-01-13,399.98961,399.98961,394.75085,399.0026,1888
2017-01-16,395.99818,399.98961,395.99818,399.94623,1073
2017-01-17,394.04584,398.00474,394.04584,397.50581,496
2017-01-18,399.04598,399.04598,390.4991,391.60543,1226
2017-01-19,394.00246,395.44501,393.89399,395.10878,1412
2017-01-20,393.0046,400.29331,393.0046,399.04598,5687
2017-01-23,399.04598,400.94409,397.45158,397.95051,13910
2017-01-24,400.94409,400.94409,396.41033,399.94623,289
2017-01-25,399.75099,401.95279,395.99818,397.06111,1752
2017-01-26,395.99818,399.0026,395.99818,399.0026,1060
2017-01-27,398.00474,398.00474,395.29317,395.44501,4465
2017-01-30,396.95265,396.95265,395.99818,396.89842,972
2017-01-31,396.30187,401.50809,396.30187,400.49939,36362
2017-02-01,400.55362,400.55362,399.0026,399.25206,1141
2017-02-02,399.98961,399.98961,396.4971,397.00688,1885
2017-02-03,398.00474,398.44944,395.05455,395.99818,1400
2017-02-06,397.15873,397.50581,386.20397,387.09337,2200
2017-02-07,387.54891,391.99589,387.54891,390.01102,1268
2017-02-08,391.99589,395.88971,390.01102,391.99589,4888
2017-02-09,394.00246,394.00246,390.04356,391.49696,5078
2017-02-10,393.05883,398.00474,391.99589,398.00474,37313
2017-02-13,398.00474,398.00474,390.99803,391.44273,2803
2017-02-14,388.19969,390.9438,387.49468,389.09993,2129
2017-02-15,387.5923,391.60543,387.49468,391.60543,2180
2017-02-16,391.65966,392.90698,391.65966,392.64667,1507
2017-02-17,393.0046,393.0046,392.50567,392.60329,2279
2017-02-20,392.60329,392.69006,392.54905,392.69006,1270
2017-02-21,395.00032,395.00032,392.10436,394.00246,4902
2017-02-22,392.20197,394.00246,385.00003,385.30373,3184
2017-02-23,387.49468,387.79838,384.00217,384.00217,2509
2017-02-24,383.00432,386.85475,383.00432,385.14104,1865
2017-02-27,385.55319,391.95251,385.04342,389.95679,2046
2017-02-28,389.95679,399.55576,385.2495,399.55576,6713
2017-03-01,399.50153,399.50153,390.09779,398.00474,7266
2017-03-02,398.00474,398.00474,393.34083,394.08923,6384
2017-03-03,391.49696,394.85931,390.45572,392.35382,536
2017-03-06,388.50339,388.99147,388.11292,388.50339,1192
2017-03-07,393.29745,393.29745,379.54435,380.19513,1877
2017-03-08,382.75485,382.79824,381.50753,381.95223,1085
2017-03-09,381.99561,382.79824,381.99561,382.25592,750
2017-03-10,382.25592,388.50339,382.25592,386.23651,942
2017-03-13,384.75057,397.00688,384.75057,397.00688,69410
2017-03-14,395.99818,398.00474,395.99818,398.00474,5373
2017-03-15,398.00474,398.30844,398.00474,398.09151,1297
2017-03-16,398.09151,398.40605,390.69434,391.04142,1720
2017-03-17,396.4971,396.4971,391.3885,395.99818,2510
2017-03-20,391.04142,393.85061,391.04142,391.60543,89
2017-03-21,393.0046,393.0046,376.24707,381.0086,5776
2017-03-22,385.00003,385.84604,379.84804,381.99561,5623
2017-03-23,381.99561,382.95008,377.96079,379.99989,4484
2017-03-24,379.99989,379.99989,379.05626,379.90228,1344
2017-03-27,379.84804,386.89814,372.79795,379.99989,2432
2017-03-28,379.99989,381.0086,377.00632,379.99989,2924
2017-03-29,379.99989,381.99561,377.98248,379.94566,7957
2017-03-30,383.94794,383.94794,379.00203,379.99989,1383
2017-03-31,375.21668,379.99989,375.21668,378.89357,2007
2017-04-03,378.89357,382.44031,372.85219,375.33599,2693
2017-04-04,374.99975,374.99975,365.04285,374.00189,3786
2017-04-05,374.00189,374.04528,367.55919,369.90199,1436
2017-04-06,367.8412,369.94538,352.00561,356.00789,2165
2017-04-07,358.00361,359.99933,339.95538,348.00333,8862
2017-04-10,349.99904,366.99519,349.99904,364.99947,19325
2017-04-11,364.99947,374.94552,361.99505,369.99961,6193
2017-04-12,369.99961,375.80238,369.99961,374.99975,5535
2017-04-13,374.99975,378.44887,374.99975,377.98248,1809
2017-04-18,377.98248,379.00203,374.99975,377.98248,965
2017-04-19,377.98248,377.98248,370.49854,376.50739,210
2017-04-20,375.99761,377.50525,372.00617,376.24707,2634
2017-04-21,377.90656,377.98248,372.00617,374.99975,5427
2017-04-24,374.99975,377.45101,374.83706,376.56162,7784
2017-04-25,377.80894,379.99989,372.19056,379.99989,4953
2017-04-26,385.00003,388.99147,378.89357,388.99147,3538
2017-04-27,388.99147,390.01102,382.603,385.99789,1373
2017-04-28,385.00003,392.69006,383.09109,392.69006,3160
2017-05-02,393.0046,394.64239,392.69006,393.0046,1350
2017-05-04,393.89399,398.00474,389.14332,395.00032,2307
2017-05-05,395.99818,395.99818,384.16487,393.89399,1262
2017-05-08,390.01102,395.00032,390.01102,394.80508,549
2017-05-09,394.80533,396.49408,394.0037,396.00242,3976
2017-05-10,396.00242,396.00242,392.34701,395.89554,106
2017-05-11,390.00627,394.80533,387.15249,392.999,1257
2017-05-12,390.19866,393.95026,390.09178,393.70443,2854
2017-05-15,386.85321,389.00157,382.00071,382.00071,706
2017-05-16,381.29529,381.29529,365.30555,374.99986,1603
2017-05-17,371.00243,374.99986,362.49452,366.89811,8099
2017-05-18,366.00029,368.99302,363.10376,367.25083,4417
2017-05-19,367.99901,376.99858,367.005,376.99858,645
2017-05-22,371.3979,378.79422,370.14736,378.79422,2254
2017-05-23,378.79422,379.00798,372.35985,379.00798,748
2017-05-24,376.99858,389.00157,376.65655,389.00157,1467
2017-05-25,386.70358,390.79721,384.49109,390.79721,14581
2017-05-26,388.49922,390.00627,383.49708,386.00884,3866
2017-05-29,386.00884,386.00884,379.99131,382.64201,222
2017-05-30,382.58857,389.00157,374.79678,389.00157,1939
2017-05-31,385.68819,385.68819,379.00798,385.50649,6262
2017-06-01,378.00328,384.89725,378.00328,381.89383,4135
2017-06-02,381.89383,381.89383,376.19695,379.59584,4714
2017-06-05,379.59584,379.94856,373.64245,379.00798,1565
2017-06-06,379.99131,386.44706,379.99131,385.90195,2896
2017-06-07,383.99943,386.00884,383.99943,385.90195,2101
2017-06-08,384.20251,384.99345,384.20251,384.99345,1940
2017-06-09,383.99943,385.90195,383.99943,385.90195,1684
2017-06-12,383.99943,389.00157,383.99943,386.99216,2327
2017-06-13,386.99216,387.99686,386.5005,386.99216,2794
2017-06-14,386.99216,394.99772,386.5005,391.09648,3588
2017-06-16,391.09648,391.20336,387.0456,388.74505,2315
2017-06-19,388.74505,391.09648,386.00884,391.09648,1134
2017-06-20,391.09648,391.9943,388.1465,390.69032,771
2017-06-21,390.00627,391.9943,390.00627,390.00627,6351
2017-06-22,391.00028,391.9943,386.94941,391.9943,601
2017-06-23,391.9943,391.9943,389.00157,390.00627,20852
2017-06-26,390.00627,391.09648,386.99216,390.00627,2023
2017-06-27,386.00884,388.74505,382.00071,386.89597,3501
2017-06-28,386.00884,386.20123,380.30127,383.99943,3029
2017-06-29,384.99345,390.00627,383.99943,390.00627,2718
2017-06-30,389.89939,390.00627,384.49109,390.00627,3680
2017-07-03,382.50307,386.00884,378.15292,378.15292,2186
2017-07-04,378.24911,382.95198,378.05672,381.20978,651
2017-07-05,378.09948,383.45433,375.99388,378.45219,4261
2017-07-06,376.10076,379.80961,371.19482,379.80961,4032
2017-07-07,374.20893,379.00798,368.14865,379.00798,2077
2017-07-10,375.09606,376.8917,375.09606,375.09606,5633
2017-07-11,376.54967,376.70999,367.99901,367.99901,16828
2017-07-12,369.20679,375.99388,369.20679,374.85023,10482
2017-07-13,372.48811,376.99858,371.00243,376.99858,2116
2017-07-14,376.94514,376.94514,371.95369,375.90837,1251
2017-07-17,376.84894,379.99131,374.99986,379.99131,663
2017-07-18,379.99131,379.99131,373.00115,373.00115,725
2017-07-19,360.00414,360.00414,342.005,344.00372,19548
2017-07-20,344.00372,344.55951,335.99817,339.00159,4799
2017-07-21,348.09735,348.09735,338.44579,339.89941,4970
2017-07-24,344.90154,344.90154,337.00287,337.00287,4608
2017-07-25,344.99774,344.99774,333.90326,335.00415,3787
2017-07-26,335.05759,335.05759,325.99389,335.00415,3153
2017-07-27,332.99475,335.65614,331.00672,335.00415,6479
2017-07-28,332.99475,335.00415,332.00073,333.99945,3957
2017-07-31,332.15037,334.40561,327.4582,328.0033,37110
2017-08-01,325.99389,329.94858,316.2889,316.2889,1576
2017-08-02,315.5514,315.5514,291.29959,299.89301,20556
2017-08-03,299.20895,300.95115,296.00246,296.00246,1883
2017-08-04,298.00117,300.14953,291.01101,294.99775,3151
2017-08-07,289.0016,289.99562,281.94731,285.60272,14618
2017-08-08,285.65616,285.99818,279.00802,281.35945,1633
2017-08-09,277.99263,278.70875,270.70319,272.7981,2318
2017-08-10,269.99776,289.99562,269.99776,277.1055,4795
2017-08-11,276.99862,282.99477,271.49413,282.99477,6317
2017-08-14,284.74765,290.40177,282.16108,282.5031,1601
2017-08-16,282.16108,282.16108,279.94859,281.09224,512
2017-08-17,280.00203,280.99605,274.9999,274.9999,3062
2017-08-18,276.99862,280.05548,272.06061,280.00203,1120
2017-08-21,279.94859,279.94859,272.00717,278.44154,1588
2017-08-22,278.39879,278.39879,274.09139,277.99263,757
2017-08-23,274.00588,282.00075,274.00588,276.50695,1658
2017-08-24,276.99862,277.1055,274.04864,274.04864,872
2017-08-25,276.84898,276.84898,274.00588,274.00588,2173
2017-08-28,274.9999,274.9999,263.15724,269.99776,2399
2017-08-29,262.99691,262.99691,241.99435,258.00546,10989
2017-08-30,262.01358,262.01358,253.50568,255.99606,10923
2017-08-31,256.95801,269.00375,256.95801,269.00375,13386
2017-09-01,269.99776,276.0046,269.24958,276.0046,2551
2017-09-04,276.0046,279.24316,276.0046,279.24316,990
2017-09-05,282.00075,283.55056,280.00203,282.00075,4329
2017-09-06,282.99477,282.99477,276.59246,280.99605,1713
2017-09-07,280.4937,280.4937,267.05847,274.9999,1950
2017-09-08,277.70405,277.99263,270.15809,277.99263,2023
2017-09-11,278.49498,278.49498,271.65445,277.99263,1696
2017-09-12,277.99263,277.99263,271.54757,274.9999,2462
2017-09-13,274.00588,274.04864,269.99776,269.99776,9048
2017-09-14,269.84813,269.84813,265.05976,265.05976,393
2017-09-15,265.50867,269.59161,265.50867,269.0465,612
2017-09-18,269.19614,269.19614,262.01358,262.01358,684
2017-09-19,263.99092,267.45394,262.24873,265.00632,931
2017-09-20,264.09781,267.99905,263.99092,267.99905,638
2017-09-21,267.14398,270.29704,266.09652,269.99776,1190
2017-09-22,267.99905,274.00588,263.99092,274.00588,2174
2017-09-25,273.95244,278.15295,270.99178,276.99862,1556
2017-09-26,273.00118,276.0046,272.00717,275.80152,312
2017-09-27,273.00118,279.94859,273.00118,279.00802,2837
2017-09-28,277.50097,283.49712,276.04735,282.95201,5231
2017-09-29,280.09823,282.95201,277.99263,280.00203,105811
2017-10-02,276.04735,277.50097,275.05334,276.99862,584
2017-10-03,274.9999,275.05334,273.04394,273.04394,159
2017-10-04,274.40135,274.40135,271.49413,273.49285,556
2017-10-05,271.49413,272.13543,262.0884,268.80067,1353
2017-10-06,265.00632,270.55356,265.00632,270.29704,617
2017-10-09,269.69849,269.99776,267.99905,269.99776,464
2017-10-10,267.99905,271.49413,267.99905,271.49413,295
2017-10-11,268.5014,269.94432,265.98964,269.00375,2379
2017-10-12,269.00375,272.00717,268.961,271.69721,1155
2017-10-13,269.49541,270.99178,266.25685,270.99178,357
2017-10-16,270.99178,270.99178,266.31029,267.00503,1032
2017-10-17,266.40649,266.43855,251.20769,251.98794,4774
2017-10-18,255.00204,263.49926,254.79897,263.49926,1115
2017-10-19,251.98794,263.10379,251.98794,260.00418,1083
2017-10-20,254.09354,257.44967,246.94305,257.44967,3212
2017-10-23,257.44967,257.44967,251.45352,251.54972,1244
2017-10-24,253.99734,253.99734,241.10722,250.0106,1831
2017-10-25,246.99649,251.98794,246.99649,246.99649,579
2017-10-26,246.99649,246.99649,243.00974,246.99649,765
2017-10-27,246.99649,249.95716,244.04651,244.35647,1288
2017-10-30,246.94305,246.94305,245.25429,245.94903,341
2017-10-31,245.94903,246.29106,241.10722,244.99777,2645
2017-11-02,244.99777,246.24831,241.14998,241.20342,602
2017-11-03,241.14998,241.99435,234.9935,236.00889,4029
2017-11-06,234.9935,234.9935,226.04737,229.70278,653
2017-11-07,227.99265,229.00804,219.94434,226.00462,5252
2017-11-08,221.00248,222.90501,219.99778,222.90501,1000
2017-11-09,220.10466,234.9935,219.99778,234.9935,1810
2017-11-10,233.49714,255.4082,233.49714,246.64377,4768
2017-11-13,245.04053,249.85027,245.04053,249.29448,244
2017-11-14,249.29448,250.0106,247.04993,250.0106,607
2017-11-15,250.0961,251.49627,244.99777,244.99777,1707
2017-11-16,241.99435,252.44753,241.99435,252.44753,974
2017-11-17,253.00333,261.96014,251.04736,257.95202,2168
2017-11-20,258.00546,261.20127,257.95202,258.00546,1140
2017-11-21,258.0589,260.00418,258.0589,260.00418,2769
2017-11-22,260.11106,265.98964,258.49713,258.49713,2794
2017-11-23,258.55057,265.00632,258.55057,260.00418,16571
2017-11-24,260.29276,265.98964,260.29276,265.98964,1013
2017-11-27,265.98964,266.40649,260.45309,265.80794,1867
2017-11-28,265.70106,269.99776,263.44582,269.99776,2549
2017-11-29,269.99776,273.80281,263.05035,273.39665,2368
2017-11-30,269.99776,274.00588,269.99776,274.00588,4747
2017-12-01,274.9999,274.9999,265.00632,265.98964,1998
2017-12-04,265.98964,273.899,265.00632,272.00717,1790
2017-12-05,272.00717,273.49285,267.84941,272.00717,1156
2017-12-06,269.99776,272.00717,269.99776,271.1521,628
2017-12-07,270.99178,273.20426,270.99178,273.20426,269
2017-12-08,272.00717,272.94774,269.99776,269.99776,816
2017-12-11,269.99776,272.7981,269.99776,272.7981,724
2017-12-12,272.7981,273.2577,265.15595,265.15595,1148
2017-12-13,265.05976,274.9999,265.05976,270.99178,1412
2017-12-14,274.00588,274.00588,269.08926,272.00717,320
2017-12-15,269.99776,273.00118,269.30302,272.70191,1427
2017-12-18,269.99776,272.74466,265.00632,265.00632,1020
2017-12-19,266.09652,269.00375,266.09652,268.15937,716
2017-12-20,267.99905,271.84684,267.99905,268.44796,1233
2017-12-21,268.44796,269.99776,268.44796,269.08926,1254
2017-12-22,268.90755,269.45266,268.90755,269.00375,673
2017-12-27,269.00375,269.40991,267.4967,267.84941,952
2017-12-28,267.94561,268.15937,266.25685,268.15937,531
2017-12-29,267.4967,268.5014,267.4967,268.5014,240
2018-01-03,265.98964,269.49541,255.99606,265.00632,1132
2018-01-04,265.00632,274.9999,265.00632,271.49413,1254
2018-01-05,272.00717,272.00717,270.99178,271.49413,422
2018-01-08,272.00717,280.00203,271.49413,280.00203,1212
2018-01-09,280.99605,284.01016,276.0046,280.00203,919
2018-01-10,279.49968,279.49968,275.50225,276.0046,851
2018-01-11,276.99862,277.50097,275.50225,277.50097,706
2018-01-12,276.99862,278.49498,274.9999,276.0046,627
2018-01-15,278.49498,279.00802,276.0046,276.0046,416
2018-01-16,274.9999,277.50097,274.9999,277.50097,276
2018-01-17,277.50097,280.00203,276.0046,278.49498,341
2018-01-18,280.4937,280.99605,273.00118,273.49285,1156
2018-01-19,274.00588,279.00802,274.00588,276.0046,359
2018-01-22,276.99862,281.4984,275.50225,275.50225,690
2018-01-23,276.99862,280.00203,271.49413,274.00588,3799
2018-01-24,274.00588,274.00588,273.49285,274.00588,51
2018-01-25,275.50225,277.50097,261.50055,269.99776,1654
2018-01-26,269.99776,269.99776,261.50055,267.4967,2419
2018-01-29,266.49199,274.00588,265.98964,267.4967,50
2018-01-30,267.00503,271.49413,263.49926,268.5014,689
2018-01-31,268.5014,274.49755,267.4967,269.49541,1973
2018-02-01,264.50396,267.99905,260.99819,262.99691,376
2018-02-02,262.99691,269.00375,258.49713,262.01358,1415
2018-02-05,258.00546,261.50055,251.98794,256.49841,674
2018-02-06,252.50098,255.99606,237.49457,246.99649,20302
2018-02-07,246.99649,248.99521,246.99649,248.99521,2352
2018-02-08,255.00204,255.00204,250.0106,251.49627,606
2018-02-09,250.0106,252.50098,243.50141,250.0106,552
2018-02-12,253.00333,253.99734,245.50012,250.50226,346
2018-02-13,251.00461,255.00204,250.0106,255.00204,345
2018-02-14,255.49371,263.99092,255.49371,262.49456,1371
2018-02-15,261.50055,269.99776,261.50055,269.00375,946
2018-02-16,266.49199,269.99776,265.98964,269.00375,305
2018-02-19,269.49541,269.49541,265.98964,268.5014,249
2018-02-20,267.99905,268.5014,266.49199,267.99905,69
2018-02-21,266.49199,269.99776,258.49713,269.99776,750
2018-02-22,262.99691,269.99776,262.99691,268.5014,1038
2018-02-23,269.99776,269.99776,263.99092,267.00503,179
2018-02-26,263.49926,267.00503,263.49926,265.00632,48
2018-02-27,263.49926,265.00632,258.98879,260.99819,1068
2018-02-28,264.50396,264.50396,255.00204,260.00418,719
2018-03-01,260.00418,260.00418,248.99521,248.99521,1334
2018-03-02,248.99521,251.98794,248.00119,248.99521,1110
2018-03-05,248.99521,250.0106,241.00034,248.50354,1069
2018-03-06,248.99521,253.00333,248.99521,253.00333,17
2018-03-07,251.00461,258.00546,251.00461,258.00546,346
2018-03-08,258.00546,258.00546,243.50141,248.99521,813
2018-03-09,249.49756,251.98794,248.99521,248.99521,137
2018-03-12,253.00333,260.00418,248.99521,260.00418,2533
2018-03-13,258.49713,258.98879,253.00333,258.98879,35
2018-03-14,258.00546,258.00546,251.49627,255.49371,298
2018-03-15,255.49371,257.00076,248.99521,248.99521,4646
2018-03-16,253.00333,269.00375,253.00333,265.98964,7700
2018-03-19,265.50867,272.50952,265.50867,270.50011,1472
2018-03-20,270.99178,294.99775,270.99178,294.99775,25365
2018-03-21,289.99562,314.49326,289.99562,309.99347,18435
2018-03-22,309.99347,316.50266,300.49155,305.00203,3076
2018-03-23,305.00203,308.5078,299.99989,306.99005,231
2018-03-26,306.99005,306.99005,287.00289,298.00117,2786
2018-03-27,296.99647,303.99732,296.99647,301.00459,1879
2018-03-28,296.99647,301.00459,296.00246,299.99989,820
2018-03-29,301.00459,301.50694,296.00246,301.50694,1686
2018-04-03,301.50694,309.50181,301.50694,308.99946,2018
2018-04-04,309.99347,313.49924,309.99347,313.00758,1353
2018-04-05,313.99091,316.50266,313.00758,313.49924,2056
2018-04-06,309.99347,313.99091,308.5078,313.49924,1722
2018-04-09,313.00758,313.49924,309.99347,309.99347,1123
2018-04-10,310.99818,310.99818,306.00673,306.00673,1478
2018-04-11,303.00331,306.00673,299.99989,299.99989,1687
2018-04-12,299.99989,305.00203,299.99989,305.00203,1066
2018-04-13,305.00203,312.00288,303.50566,312.00288,2457
2018-04-16,310.49582,313.99091,309.99347,313.00758,719
2018-04-17,308.99946,313.99091,308.99946,313.99091,878
2018-04-18,310.99818,316.00031,305.50438,313.49924,887
2018-04-19,313.99091,314.99561,311.50053,313.00758,726
2018-04-20,310.49582,313.00758,308.5078,313.00758,755
2018-04-23,310.99818,313.00758,309.99347,313.00758,502
2018-04-24,312.00288,313.00758,303.50566,309.99347,876
2018-04-25,308.99946,309.99347,306.00673,309.99347,534
2018-04-26,309.99347,310.49582,303.99732,309.99347,690
2018-04-27,303.99732,310.49582,303.99732,308.99946,2329
2018-04-30,306.99005,308.99946,300.49155,308.99946,1357
2018-05-02,303.00331,308.99946,303.00331,308.99946,308
2018-05-04,308.5078,308.99946,298.00117,300.49155,1312
2018-05-07,301.99861,304.49967,299.49754,304.49967,1580
2018-05-08,301.99861,305.00203,291.99433,298.00117,2127
2018-05-09,299.99989,303.00331,291.99433,302.49027,988
2018-05-10,301.99861,305.00203,298.99519,303.99732,412
2018-05-11,303.99732,305.00203,300.49155,304.49967,311
2018-05-14,301.00459,303.99732,298.00117,301.00459,475
2018-05-15,298.00117,298.00117,295.48942,296.99647,326
2018-05-16,295.48942,301.00459,292.49669,299.99989,395
2018-05-17,301.50694,301.50694,294.99775,296.00246,310
2018-05-18,296.00246,303.00331,294.99775,301.50694,466
2018-05-21,296.50481,301.00459,296.50481,298.99519,574
2018-05-22,296.50481,301.00459,274.9999,291.99433,21671
2018-05-23,284.01016,291.99433,280.00203,289.50396,11346
2018-05-24,277.99263,291.01101,277.99263,289.99562,6385
2018-05-25,284.50182,289.0016,284.50182,289.0016,10707
2018-05-28,286.50054,289.0016,284.50182,285.49583,869
2018-05-29,285.99818,285.99818,284.99348,285.99818,1214
2018-05-30,289.0016,289.99562,286.50054,289.99562,5065
2018-06-01,296.50481,296.50481,284.50182,291.50267,353
2018-06-04,291.01101,296.00246,282.00075,291.50267,931
2018-06-05,295.48942,295.48942,284.01016,285.99818,161
2018-06-06,281.99468,287.49941,269.00059,272.00887,633
2018-06-07,269.00059,275.99901,264.49862,275.99901,243
2018-06-08,275.49763,289.49448,269.50197,284.0002,1283
2018-06-11,278.99685,289.49448,277.50315,289.00355,565
2018-06-12,288.00079,294.99921,282.99744,282.99744,1331
2018-06-13,281.99468,286.00572,281.99468,282.99744,169
2018-06-14,289.99586,294.49783,282.5065,289.49448,3911
2018-06-15,289.00355,293.00414,282.99744,293.00414,816
2018-06-18,293.50552,293.50552,285.00296,285.50434,111
2018-06-19,285.00296,290.99862,285.00296,286.00572,156
2018-06-20,286.00572,289.00355,267.49645,284.0002,973
2018-06-21,281.00236,285.50434,277.00177,281.99468,228
2018-06-22,270.49428,288.00079,270.49428,288.00079,104
2018-06-25,287.49941,287.49941,273.00118,281.00236,212
2018-06-26,273.9935,274.50532,267.99783,267.99783,543
2018-06-27,260.99941,264.49862,254.50236,264.49862,592
2018-06-28,256.99882,270.00335,256.99882,270.00335,748
2018-06-29,261.50079,273.9935,261.50079,272.00887,2362
2018-07-02,270.00335,272.00887,266.50414,270.49428,78
2018-07-03,270.99566,273.9935,270.99566,272.4998,84
2018-07-04,272.4998,273.9935,265,268.49921,149
2018-07-05,265.99231,270.00335,265.99231,267.00552,186
2018-07-06,265.99231,272.4998,263.49586,269.50197,123
2018-07-09,262.00217,273.9935,259.00434,262.00217,16368
2018-07-10,257.99113,267.49645,256.99882,263.49586,1462
2018-07-11,263.49586,264.00769,260.99941,262.99448,472
2018-07-12,264.00769,264.00769,259.00434,262.00217,576
2018-07-13,257.99113,275.0067,257.99113,270.00335,699
2018-07-16,269.00059,272.00887,262.50355,262.50355,562
2018-07-17,262.50355,264.00769,256.99882,258.50296,1147
2018-07-18,256.99882,260.99941,256.99882,256.99882,538
2018-07-19,256.99882,262.99448,251.00315,256.99882,860
2018-07-20,252.49685,258.50296,251.00315,258.50296,1767
2018-07-23,250.50177,259.00434,242.50059,250.00039,1711
2018-07-24,247.00256,250.50177,244.99704,248.99763,4111
2018-07-25,250.00039,256.99882,250.00039,256.0065,5782
2018-07-26,252.99823,262.50355,252.99823,256.99882,2015
2018-07-27,259.99665,264.00769,254.9933,256.0065,13906
2018-07-30,256.0065,262.00217,250.00039,259.00434,3659
2018-07-31,259.00434,261.50079,254.00099,255.49468,2153
2018-08-01,254.00099,257.99113,254.00099,254.9933,4826
2018-08-02,255.49468,256.99882,252.49685,254.9933,7427
2018-08-03,254.9933,258.50296,252.49685,257.99113,273
2018-08-06,259.00434,259.00434,252.49685,257.5002,101
2018-08-07,261.50079,262.50355,251.99547,254.9933,20801
2018-08-08,256.99882,257.99113,252.99823,252.99823,15510
2018-08-09,257.99113,257.99113,254.9933,254.9933,511
2018-08-10,254.9933,264.00769,252.49685,252.99823,1986
2018-08-13,254.9933,259.50572,251.00315,258.50296,1042
2018-08-14,259.99665,262.50355,258.50296,261.50079,1210
2018-08-16,261.50079,264.00769,259.99665,264.00769,785
2018-08-17,265,272.4998,265,271.49704,1423
2018-08-20,273.50256,278.00453,273.50256,273.9935,951
2018-08-21,276.50039,276.50039,270.00335,275.49763,1032
2018-08-22,275.49763,276.50039,270.49428,275.0067,3337
2018-08-23,273.00118,273.9935,270.49428,270.99566,172
2018-08-24,272.4998,272.4998,265.50138,265.99231,560
2018-08-27,270.00335,275.0067,270.00335,272.00887,872
2018-08-28,272.00887,275.0067,272.00887,273.00118,763
2018-08-29,275.0067,275.49763,268.49921,270.00335,44688
2018-08-30,272.4998,273.00118,269.50197,270.99566,6724
2018-08-31,267.99783,270.00335,256.0065,260.99941,2717
2018-09-03,259.50572,265,256.49744,262.00217,2057
2018-09-04,262.00217,262.00217,244.99704,248.00532,3517
2018-09-05,248.00532,252.99823,248.00532,249.49901,28574
2018-09-06,250.00039,250.00039,248.00532,248.00532,12148
2018-09-07,243.99428,248.00532,243.99428,248.00532,44705
2018-09-10,254.9933,269.00059,249.49901,259.50572,3504
2018-09-11,251.00315,259.99665,251.00315,256.0065,562
2018-09-12,251.00315,261.50079,251.00315,259.99665,1666
2018-09-13,259.00434,259.99665,256.49744,257.99113,1708
2018-09-14,257.99113,260.99941,257.99113,260.99941,248
2018-09-17,257.99113,260.99941,257.99113,260.99941,298
2018-09-18,262.00217,267.99783,252.49685,252.99823,3603
2018-09-19,252.49685,262.99448,252.49685,262.99448,514
2018-09-20,262.99448,262.99448,257.99113,259.99665,393
2018-09-21,256.99882,260.99941,256.99882,260.99941,5753
2018-09-24,259.50572,270.00335,259.50572,268.49921,1331
2018-09-25,268.49921,270.00335,259.00434,267.00552,3735
2018-09-26,261.50079,267.99783,261.50079,262.50355,2684
2018-09-27,262.99448,267.99783,262.50355,262.50355,1915
2018-09-28,262.50355,262.99448,259.99665,262.00217,2955
2018-10-01,262.99448,265,252.49685,254.50236,2125
2018-10-02,258.50296,259.00434,256.49744,256.99882,1221
2018-10-03,256.99882,260.99941,256.99882,259.50572,30
2018-10-04,259.00434,262.00217,254.9933,254.9933,1718
2018-10-05,262.00217,262.00217,252.99823,259.50572,640
2018-10-08,259.50572,260.99941,257.99113,260.99941,325
2018-10-09,260.49803,260.49803,259.99665,260.49803,585
2018-10-10,260.49803,260.49803,254.9933,256.99882,67
2018-10-11,252.99823,258.50296,252.99823,254.50236,406
2018-10-12,253.49961,253.49961,244.99704,247.4935,1503
2018-10-15,247.4935,247.4935,243.99428,244.99704,157
2018-10-16,244.99704,247.00256,243.50335,243.99428,367
2018-10-17,244.99704,244.99704,242.50059,243.00197,660
2018-10-18,242.50059,243.00197,242.50059,243.00197,11
2018-10-19,242.50059,244.99704,242.50059,243.00197,65
2018-10-22,244.99704,244.99704,237.99862,237.99862,674
2018-10-23,240.00414,240.00414,232.00296,232.00296,590
2018-10-24,235.50217,235.50217,228.4933,229.99744,183
2018-10-25,231.0002,236.00355,222.99901,236.00355,680
2018-10-26,235.00079,235.00079,227.50099,233.99803,479
2018-10-29,233.99803,233.99803,225.00453,229.99744,247
2018-10-30,229.99744,233.99803,229.99744,229.99744,401
2018-10-31,231.0002,244.49566,229.99744,229.99744,329
2018-11-02,243.99428,243.99428,236.00355,236.00355,138
2018-11-05,236.00355,242.50059,228.99468,229.99744,119
2018-11-06,241.49783,241.49783,224.00177,224.00177,675
2018-11-07,225.00453,237.99862,220.9935,233.99803,765
2018-11-08,237.99862,237.99862,228.99468,231.0002,160
2018-11-09,236.99586,236.99586,225.99685,235.00079,601
2018-11-13,236.00355,236.00355,235.00079,235.00079,38
2018-11-14,229.99744,235.00079,229.99744,233.00572,11
2018-11-15,233.00572,237.99862,233.00572,235.00079,101
2018-11-16,235.00079,237.99862,230.49882,230.49882,160
2018-11-19,232.00296,237.99862,232.00296,236.00355,90
2018-11-20,233.99803,236.00355,231.0002,231.0002,96
2018-11-21,231.0002,233.99803,228.00236,233.99803,283
2018-11-22,233.99803,235.00079,229.5065,235.00079,503
2018-11-23,235.00079,240.00414,232.50434,240.00414,549
2018-11-26,233.00572,240.00414,233.00572,240.00414,218
2018-11-27,237.50769,243.99428,237.50769,243.99428,402
2018-11-28,243.99428,250.00039,243.99428,250.00039,1183
2018-11-29,250.00039,259.99665,250.00039,254.00099,1555
2018-11-30,254.00099,259.99665,254.00099,259.99665,442
2018-12-03,259.99665,264.49862,255.49468,259.00434,865
2018-12-04,259.00434,262.99448,259.00434,262.99448,992
2018-12-05,262.99448,262.99448,257.99113,257.99113,3423
2018-12-06,259.00434,261.50079,256.0065,259.99665,329
2018-12-07,257.99113,259.00434,255.49468,255.49468,202
2018-12-10,257.99113,257.99113,244.99704,245.9998,1505
2018-12-11,249.49901,251.00315,243.00197,244.99704,577
2018-12-12,249.49901,249.49901,240.00414,244.99704,2473
2018-12-13,244.99704,247.4935,237.50769,237.99862,1577
2018-12-14,244.49566,244.99704,240.99645,244.99704,802
2018-12-17,244.99704,244.99704,238.5,240.00414,589
2018-12-18,240.00414,240.00414,233.49665,234.49941,1939
2018-12-19,238.5,238.5,228.99468,235.00079,1923
2018-12-20,237.99862,237.99862,233.00572,237.99862,927
2018-12-21,237.99862,243.00197,235.50217,243.00197,1494
2018-12-27,243.00197,248.00532,237.99862,237.99862,438
2018-12-28,243.99428,244.49566,239.49231,244.49566,707
2019-01-02,235.50217,244.99704,235.50217,237.50769,491
2019-01-03,239.00138,243.00197,233.49665,233.49665,1222
2019-01-04,233.99803,234.49941,228.99468,230.49882,2177
2019-01-07,231.49113,243.00197,231.49113,243.00197,357
2019-01-08,243.00197,247.00256,243.00197,244.99704,5402
2019-01-09,245.9998,245.9998,240.50552,244.49566,676
2019-01-10,244.49566,244.49566,243.00197,243.00197,711
2019-01-11,243.00197,243.00197,240.99645,242.50059,244
2019-01-14,243.50335,244.99704,238.5,244.99704,1266
2019-01-15,244.99704,247.4935,237.50769,241.99921,1541
2019-01-16,241.99921,248.00532,240.00414,240.00414,1258
2019-01-17,240.99645,247.00256,240.99645,244.99704,1791
2019-01-18,243.99428,248.99763,243.99428,248.99763,641
2019-01-21,251.99547,260.49803,251.99547,254.9933,1241
2019-01-22,254.9933,256.0065,254.00099,254.9933,655
2019-01-23,256.0065,256.0065,252.49685,254.50236,358
2019-01-24,254.9933,255.49468,252.99823,252.99823,936
2019-01-25,254.00099,254.9933,249.49901,254.00099,2047
2019-01-28,254.50236,255.49468,254.00099,254.9933,521
2019-01-29,254.9933,254.9933,253.49961,254.50236,573
2019-01-30,254.50236,254.9933,245.50887,245.50887,836
2019-01-31,244.99704,254.00099,244.99704,254.00099,832
2019-02-01,253.49961,262.00217,248.00532,256.99882,3608
2019-02-04,257.99113,267.00552,257.99113,265,2018
2019-02-05,265,275.0067,264.49862,275.0067,1481
2019-02-06,275.0067,277.00177,267.00552,267.00552,1398
2019-02-07,267.00552,269.50197,267.00552,268.49921,1202
2019-02-08,268.49921,268.49921,262.00217,265.50138,947
2019-02-11,266.50414,275.49763,266.50414,274.50532,2168
2019-02-12,275.0067,277.50315,271.49704,272.00887,883
2019-02-13,275.0067,277.50315,272.00887,272.4998,641
2019-02-14,275.0067,275.99901,265.99231,272.00887,619
2019-02-15,266.50414,273.00118,266.50414,270.00335,161
2019-02-18,270.00335,270.00335,248.99763,251.50453,3460
2019-02-19,254.00099,259.50572,254.00099,255.49468,1422
2019-02-20,257.5002,262.50355,251.50453,251.99547,3309
2019-02-21,252.49685,252.99823,250.00039,251.99547,3307
2019-02-22,252.99823,257.99113,250.50177,250.50177,4003
2019-02-25,252.99823,256.99882,246.50118,256.99882,1449
2019-02-26,254.50236,256.49744,251.99547,252.99823,849
2019-02-27,251.99547,256.49744,250.00039,251.00315,944
2019-02-28,250.00039,259.99665,250.00039,259.99665,577
2019-03-01,259.99665,260.49803,252.99823,254.00099,2411
2019-03-04,256.49744,259.00434,250.50177,250.50177,3310
2019-03-05,252.99823,255.49468,241.99921,245.50887,2470
2019-03-06,247.00256,247.00256,240.00414,241.99921,2416
2019-03-07,243.00197,244.99704,235.00079,236.00355,4362
2019-03-08,236.49448,239.49231,233.99803,236.00355,2780
2019-03-11,236.99586,242.50059,232.00296,236.49448,20766
2019-03-12,241.99921,241.99921,234.49941,238.5,2464
2019-03-13,239.00138,243.00197,239.00138,240.00414,3162
2019-03-14,244.49566,245.50887,241.99921,243.99428,2275
2019-03-15,247.00256,247.00256,240.99645,247.00256,22555
2019-03-18,247.00256,256.49744,247.00256,252.49685,1393
2019-03-19,252.49685,259.99665,252.49685,259.00434,2771
2019-03-20,259.99665,264.00769,259.00434,260.49803,3735
2019-03-21,256.99882,262.99448,250.00039,262.99448,3834
2019-03-22,257.99113,262.00217,252.99823,252.99823,1808
2019-03-25,257.99113,257.99113,241.99921,243.99428,5987
2019-03-26,244.49566,244.49566,235.50217,240.00414,8985
2019-03-27,241.99921,256.49744,241.99921,251.00315,3097
2019-03-28,254.9933,259.99665,252.99823,252.99823,2497
2019-03-29,252.99823,256.49744,251.00315,254.9933,1392
2019-04-01,254.00099,254.00099,247.00256,248.00532,1870
2019-04-02,250.00039,251.99547,244.99704,248.99763,2244
2019-04-03,248.99763,254.00099,248.00532,248.99763,1534
2019-04-04,248.00532,251.99547,248.00532,251.99547,708
2019-04-05,252.99823,254.00099,250.00039,254.00099,657
2019-04-08,254.9933,256.0065,252.99823,256.0065,1279
2019-04-09,254.9933,256.0065,254.00099,256.0065,731
2019-04-10,256.0065,256.0065,254.00099,254.00099,263
2019-04-11,256.0065,257.99113,252.99823,256.99882,1986
2019-04-12,244.99704,252.99823,244.99704,251.00315,2567
2019-04-15,251.00315,256.0065,251.00315,251.99547,893
2019-04-16,251.99547,254.9933,248.00532,250.00039,2347
2019-04-17,248.00532,259.00434,248.00532,257.99113,1852
2019-04-18,257.99113,259.00434,254.9933,257.99113,625
2019-04-23,256.99882,259.99665,256.0065,259.99665,1062
2019-04-24,257.99113,265,256.0065,262.00217,2855
2019-04-25,260.99941,265.99231,259.00434,259.00434,3085
2019-04-26,259.99665,267.99783,259.99665,267.00552,1129
2019-04-29,270.00335,278.99685,270.00335,273.9935,2533
2019-04-30,277.00177,277.00177,273.9935,275.99901,844
2019-05-02,275.99901,275.99901,270.99566,275.0067,696
2019-05-06,273.9935,275.0067,264.00769,273.9935,977
2019-05-07,273.9935,275.0067,260.99941,267.00552,1117
2019-05-08,267.00552,269.00059,256.99882,259.99665,1082
2019-05-09,264.00769,267.99783,260.99941,262.99448,895
2019-05-10,264.00769,267.99783,262.99448,262.99448,3253
2019-05-13,262.99448,270.00335,259.99665,265,4021
2019-05-14,261.99661,272.00339,261,264.99661,6092
2019-05-15,263.00339,285.99661,263.00339,285.99661,12733
2019-05-16,285,285,279.99661,281.00339,1175
2019-05-17,281.00339,285.99661,279,285.99661,2254
2019-05-20,288,288,273,276,1826
2019-05-21,279.99661,285,279.99661,284.00339,1428
2019-05-22,282.99661,282.99661,279.99661,282,1255
2019-05-23,282.99661,282.99661,279,282,1006
2019-05-24,282,284.00339,279.99661,282.99661,823
2019-05-27,282.99661,282.99661,279.99661,279.99661,698
2019-05-28,281.00339,285,279.99661,284.00339,1571
2019-05-29,281.00339,282,272.00339,279.99661,2769
2019-05-30,279.99661,279.99661,278.00339,278.00339,649
2019-05-31,276.99661,279.99661,276.99661,279.99661,784
2019-06-03,276.99661,279.99661,276,279.99661,623
2019-06-04,279,279.99661,275.00339,279,1718
2019-06-05,279.99661,279.99661,276.99661,279.99661,990
2019-06-06,279.99661,282.99661,279,279.99661,2496
2019-06-07,279.99661,282.99661,279,279.99661,1848
2019-06-10,279.99661,282.99661,279.99661,282,3054
2019-06-11,279.99661,293.00339,279.99661,291,8927
2019-06-12,290.00339,293.00339,288.99661,291,5183
2019-06-13,291,294,290.00339,291,2317
2019-06-14,291,291.99661,291,291,653
2019-06-17,291,291,290.00339,290.00339,1820
2019-06-18,290.00339,291.99661,288,291.99661,2051
2019-06-19,291.99661,294,291,291,1341
2019-06-21,293.00339,294,291,291.99661,226
2019-06-24,293.00339,294,291.99661,294,1032
2019-06-25,294,294.99661,291,293.00339,1433
2019-06-26,293.00339,294.99661,293.00339,293.00339,894
2019-06-27,291,297.99661,291,297.99661,2655
2019-06-28,297,297.99661,297,297,858
2019-07-01,297,297.99661,296.00339,296.00339,1350
2019-07-02,297,297.99661,291.99661,297.99661,1089
2019-07-03,297.99661,297.99661,293.00339,294.99661,1099
2019-07-04,294.99661,297.99661,293.00339,297,1120
2019-07-05,297,297.99661,294,297.99661,46
2019-07-08,297.99661,297.99661,293.00339,297.99661,1026
2019-07-09,297.99661,297.99661,294.99661,297,944
2019-07-10,296.00339,297,294.99661,294.99661,300
2019-07-11,294.99661,297.99661,291,294.99661,4116
2019-07-12,296.00339,297.99661,296.00339,297,2408
2019-07-15,297,297.99661,291,294.99661,1314
2019-07-16,297,297,294.99661,296.00339,2423
2019-07-17,294.99661,297,294.99661,297,642
2019-07-18,297,297,294,297,950
2019-07-19,297,309.99661,294.99661,309,2021
2019-07-22,309,312,306.99661,309,584
2019-07-23,306.99661,308.00339,303,305.00339,269
2019-07-24,303.99661,308.00339,302.00339,305.00339,6607
2019-07-25,305.00339,311.00339,305.00339,309.99661,7338
2019-07-26,306,312.99661,306,312.99661,866
2019-07-29,309,312.99661,306,312.99661,1931
2019-07-30,311.00339,312.99661,311.00339,311.00339,399
2019-07-31,309,311.00339,309,309,363
2019-08-01,309,312.99661,309,312.99661,200
2019-08-02,312,315,311.00339,315,655
2019-08-05,312.99661,314.00339,306,306,464
2019-08-06,305.00339,312,305.00339,306,892
2019-08-07,308.00339,321.99661,306.99661,314.00339,7195
2019-08-08,315.99661,318.99661,315,318,527
2019-08-09,318.99661,318.99661,315.99661,317.00339,263
2019-08-12,315,330,306,314.00339,1092
2019-08-13,318,318,311.00339,311.00339,1716
2019-08-14,311.00339,314.00339,305.00339,305.00339,418
2019-08-16,305.00339,312.99661,305.00339,306.99661,813
2019-08-19,306,312.99661,306,312.99661,173
2019-08-20,312.99661,317.00339,312.99661,315,450
2019-08-21,314.00339,318.99661,314.00339,318.99661,301
2019-08-22,318.99661,320.00339,317.00339,318,558
2019-08-23,320.00339,320.00339,315.99661,315.99661,623
2019-08-26,317.00339,320.00339,314.00339,318.99661,610
2019-08-27,318.99661,320.00339,317.00339,320.00339,987
2019-08-28,329.00339,335.00339,327,330,4455
2019-08-29,330,333,330,332.00339,12962
2019-08-30,332.00339,333.99661,330,332.00339,607
2019-09-02,333,335.00339,330.99661,335.00339,2248
2019-09-03,335.00339,338.00339,333,336,725
2019-09-04,339.99661,351.99661,339.99661,350.00339,15909
2019-09-05,350.00339,359.00339,350.00339,359.00339,3218
2019-09-06,357.99661,359.00339,357,357.99661,1160
2019-09-09,356.00339,356.00339,345,350.00339,8451
2019-09-10,348.99661,357.99661,348.99661,354,1397
2019-09-11,354,359.00339,354,359.00339,1763
2019-09-12,360,360,354.99661,357,438
2019-09-13,351,360,347.00339,360,1212
2019-09-16,359.00339,359.00339,351.99661,354,1356
2019-09-17,351,357.99661,345.99661,354,2713
2019-09-18,357,357.99661,354,357,840
2019-09-19,357.99661,365.00339,357,359.00339,1332
2019-09-20,357.99661,375,356.00339,356.00339,7765
2019-09-23,359.00339,365.00339,342,342,1322
2019-09-24,342.99661,348.99661,342.99661,347.00339,717
2019-09-25,348,348,342.99661,345,967
2019-09-26,345,345.99661,345,345.99661,153
2019-09-27,345.99661,360,345.99661,360,1237
2019-09-30,357,359.00339,351,359.00339,539
2019-10-01,357.99661,365.00339,356.00339,360,1580
2019-10-02,357.99661,366.99661,351.99661,353.00339,413
2019-10-03,353.00339,353.00339,342.99661,350.00339,978
2019-10-04,345,350.00339,345,348.99661,302
2019-10-07,348,353.00339,348,350.00339,693
2019-10-08,347.00339,356.00339,347.00339,353.00339,1124
2019-10-09,351.99661,353.00339,345.99661,348,2371
2019-10-10,347.00339,353.00339,347.00339,351.99661,451
2019-10-11,351,360.99661,351,360,761
2019-10-14,360,360.99661,354.99661,356.00339,475
2019-10-15,356.00339,360,354.99661,357,1292
2019-10-16,357,357.99661,354.99661,357,655
2019-10-17,357,357.99661,354,357.99661,617
2019-10-18,359.00339,359.00339,356.00339,357,821
2019-10-21,357,357,353.00339,354.99661,481
2019-10-22,351.99661,354.99661,351.99661,353.00339,3559
2019-10-23,354.99661,368.00339,354.99661,360,1894
2019-10-24,360,360,354,354,1351
2019-10-25,354,354,351,351.99661,437
2019-10-28,353.00339,356.00339,353.00339,354,1024
2019-10-29,353.00339,354.99661,350.00339,350.00339,3299
2019-10-30,348.99661,354,345.99661,353.00339,15708
2019-10-31,354.99661,360,354.99661,360,1223
2019-11-04,360,360,357,359.00339,295
2019-11-05,359.00339,362.00339,357,362.00339,438
2019-11-06,362.00339,366.99661,360.99661,366.99661,867
2019-11-07,366.99661,366.99661,356.00339,366,1927
2019-11-08,366,369.99661,360.99661,369,864
2019-11-12,369.99661,383.00339,369,383.00339,3586
2019-11-13,380.00339,383.00339,375.99661,380.00339,3657
2019-11-14,377.00339,378,360.99661,369.99661,6217
2019-11-15,368.00339,372,357,366,4036
2019-11-18,369.99661,369.99661,363,366,1371
2019-11-19,366.99661,366.99661,360.99661,363.99661,1428
2019-11-20,365.00339,368.00339,363.99661,368.00339,2045
2019-11-21,368.00339,369,365.00339,365.00339,1454
2019-11-22,366,369.99661,365.00339,369.99661,993
2019-11-25,368.00339,369,363.99661,369,2049
2019-11-26,369,384.99661,366,384.99661,2188
2019-11-27,384,389.00339,375,387.99661,3476
2019-11-28,387.99661,387.99661,381.99661,383.00339,129
2019-11-29,383.00339,383.00339,378,383.00339,127
2019-12-02,380.00339,381.99661,375,378.99661,184
2019-12-03,378.99661,380.00339,372.99661,377.00339,328
2019-12-04,377.00339,383.00339,377.00339,383.00339,492
2019-12-05,381.99661,383.00339,372.99661,375.99661,610
2019-12-06,375,383.00339,372,372,651
2019-12-09,371.00339,371.00339,351.99661,354.99661,2086
2019-12-10,359.00339,363,356.00339,360.99661,183
2019-12-11,354,360,351,354.99661,605
2019-12-12,354.99661,366,351.99661,366,1583
2019-12-13,369.99661,372,366.99661,372,914
2019-12-16,368.00339,372,363.99661,369.99661,742
2019-12-17,374.00339,381,372,381,6475
2019-12-18,381,384,372,384,1235
2019-12-19,384,384,380.00339,381.99661,1643
2019-12-20,384,384,380.00339,381,1234
2019-12-23,381,386.00339,381,384.99661,1338
2019-12-27,380.00339,384.99661,369,384,3915
2019-12-30,384,384,372.99661,378,14513
2020-01-02,381,381.99661,378,380.00339,840
2020-01-03,378,380.00339,372,377.00339,1082
2020-01-07,380.00339,380.00339,378.99661,380.00339,7994
2020-01-08,378.99661,378.99661,375,378,591
2020-01-09,378,378,375,375,396
2020-01-10,381,387.99661,381,384,4750
2020-01-13,386.00339,386.00339,380.00339,383.00339,748
2020-01-14,383.00339,392.00339,375,392.00339,2989
2020-01-15,392.00339,395.00339,387,387,2685
2020-01-16,390,393.99661,386.00339,387.99661,531
2020-01-17,392.00339,392.00339,386.00339,387,917
2020-01-20,387,395.00339,384.99661,386.00339,1210
2020-01-21,386.00339,393.99661,386.00339,390,1411
2020-01-22,390.99661,393,387.99661,393,1441
2020-01-23,393,396,390,390.99661,986
2020-01-24,393.99661,393.99661,390.99661,390.99661,1765
2020-01-27,390,393,387.99661,387.99661,429
2020-01-28,387.99661,390,384.99661,387.99661,745
2020-01-29,386.00339,390,386.00339,390,1222
2020-01-30,390,390,387.99661,387.99661,200
2020-01-31,387.99661,390.99661,384.99661,390,1759
2020-02-03,390,390.99661,384.99661,390,1325
2020-02-04,390,396,387.99661,387.99661,22847
2020-02-05,387,395.00339,386.00339,395.00339,662
2020-02-06,395.00339,399,392.00339,396.99661,3165
2020-02-07,396,398.00339,390,398.00339,1417
2020-02-10,390.99661,392.00339,384,384.99661,2343
2020-02-11,383.00339,387,380.00339,381.99661,2549
2020-02-12,381.99661,383.00339,381,381.99661,778
2020-02-13,381.99661,381.99661,357.99661,372,14989
2020-02-14,369.99661,372,365.00339,369.99661,2772
2020-02-17,368.00339,375.99661,363.99661,375.99661,3457
2020-02-18,375,378,374.00339,375,1485
2020-02-19,375,378,375,378,4213
2020-02-20,377.00339,381,377.00339,380.00339,3196
2020-02-21,381,381,375.99661,378,1419
2020-02-24,377.00339,378.99661,374.00339,377.00339,4543
2020-02-25,377.00339,377.00339,360,375.99661,2734
2020-02-26,372,380.00339,363,380.00339,2189
2020-02-27,378.99661,378.99661,369.99661,375,1962
2020-02-28,360,371.00339,342.99661,371.00339,3989
2020-03-02,369.99661,372.99661,359.00339,359.00339,2118
2020-03-03,363.99661,374.00339,363,366,1347
2020-03-04,366.99661,384.99661,366.99661,381.99661,4725
2020-03-05,384.99661,393,384.99661,386.00339,6962
2020-03-06,387.99661,389.00339,369.99661,372.99661,1467
2020-03-09,369.99661,369.99661,350.00339,365.00339,5896
2020-03-10,369,372.99661,365.00339,369.99661,1394
2020-03-11,369.99661,372.99661,360.99661,372.99661,6924
2020-03-12,363,363,324,324,4706
2020-03-13,330.99661,360,330.99661,354.99661,1660
2020-03-16,354.99661,356.00339,321,354.99661,1761
2020-03-17,356.00339,383.00339,356.00339,372,2951
2020-03-18,372,383.00339,366,371.00339,2659
2020-03-19,372,381,371.00339,378,5390
2020-03-20,378,399,372.99661,399,10059
2020-03-23,396,398.00339,384,395.00339,3543
2020-03-24,395.00339,402.99661,395.00339,401.00339,6506
2020-03-25,402,408,399.99661,405.99661,4718
2020-03-26,408,414.99661,402,413.00339,4219
2020-03-27,413.00339,414.99661,405,411.99661,3016
2020-03-30,411.99661,429,396.99661,428.00339,4547
2020-03-31,429.99661,440.00339,413.00339,416.00339,3299
2020-04-01,416.00339,423,405.99661,410.50169,2413
2020-04-02,412.50508,414.49831,398.00339,407.00339,3572
2020-04-03,408.49831,429.49831,402,420.99661,5502
2020-04-06,450,459,426,446.00339,5195
2020-04-07,450,452.50169,426.49831,426.49831,6031
2020-04-08,431.50169,437.50169,425.00339,437.50169,4116
2020-04-09,443.00339,444,437.00339,437.00339,1715
2020-04-14,444.99661,446.00339,435,436.50508,4733
2020-04-15,436.50508,447.99661,435,441.49831,7095
2020-04-16,444.99661,456.49831,438,456.49831,2576
2020-04-17,455.00339,462.99661,450.49831,462.99661,2505
2020-04-20,464.00339,480,455.00339,475.50508,4467
2020-04-21,479.00339,494.50169,475.50508,483,7013
2020-04-22,483,492.49831,480.99661,492.49831,2413
2020-04-23,497.00339,497.00339,485.50169,496.50508,2493
2020-04-24,496.50508,496.50508,489,492,1185
2020-04-27,495.49831,495.49831,462.99661,477.49831,2565
2020-04-28,476.00339,483,472.50508,480,5385
2020-04-29,480,492,477.99661,492,1874
2020-04-30,492,497.00339,480,497.00339,2783
2020-05-04,497.00339,497.50169,488.00339,489.99661,1299
2020-05-05,492.99661,492.99661,477.99661,479.00339,1934
2020-05-06,484.50508,489.49831,476.50169,476.50169,1338
2020-05-07,479.00339,491.00339,479.00339,491.00339,1526
2020-05-08,481.50508,491.50169,480.99661,482.00339,1148
2020-05-11,480.99661,482.00339,462,472.50508,3245
2020-05-12,473.50169,485.50169,471.49831,482.00339,3035
2020-05-13,480.99661,495,480.99661,489.99661,1591
2020-05-14,491.00339,518.00339,491.00339,500.00339,27800
2020-05-15,503.00339,516.99661,503.00339,516,8033
2020-05-18,518.00339,525,507,522,4717
2020-05-19,522,540,519,540,4312
2020-05-20,537,538,522,528,9064
2020-05-21,525,527,515,517,1344
2020-05-22,515,518,511,518,1708
2020-05-25,512,539,512,539,5591
2020-05-26,538,538,520,524,15465
2020-05-27,524,526,512,516,5807
2020-05-28,519,519,498,502,5152
2020-05-29,505,523,499,511,10666
2020-06-01,513,516,496,502,1571
2020-06-02,503,519,502,518,5998
2020-06-03,518,519,511,517,11794
2020-06-04,519,534,508,508,11776
2020-06-05,513,516,509,515,2086
2020-06-08,516,516,500,501,3929
2020-06-09,501,505,493.5,505,1754
2020-06-10,506,506,500,505,1265
2020-06-12,487,493,462,488.5,5571
2020-06-15,488,490,461.5,490,4789
2020-06-16,494,501,486,501,2894
2020-06-17,502,510,496,510,1774
2020-06-18,510,510,496,497,2052
2020-06-19,491,501,490,498,2305
2020-06-22,501,509,494,505,1332
2020-06-23,505,515,500,515,3009
2020-06-24,515,516,504,506,1492
2020-06-25,504,519,495,497,3434
2020-06-26,506,506,480,480,1758
2020-06-29,478,510,475,510,1632
2020-06-30,510,512,488.5,510,2468
2020-07-01,500,509,500,508,463
2020-07-02,507,510,505,505,1371
2020-07-03,507,508,505,508,317
2020-07-06,503,508,498,500,2170
2020-07-07,501,503,496,496.5,2214
2020-07-08,495,498.5,481,495,1595
2020-07-09,495,495,482,495,4876
2020-07-10,495,505,487.5,505,1224
2020-07-13,501,505,500,501,756
2020-07-14,502,502,496.5,501,1491
2020-07-15,496.5,500,490.5,499,919
2020-07-16,505,515,505,510,2827
2020-07-17,513,527,513,516,3088
2020-07-20,517,525,516,523,834
2020-07-21,525,526,507,526,3079
2020-07-22,538,538,498,506,5814
2020-07-23,510,524,510,511,2313
2020-07-24,515,515,502,505,980
2020-07-27,504,521,503,515,1218
2020-07-28,520,526,513,524,1636
2020-07-29,525,527,513,522,2271
2020-07-30,521,523,508,515,2764
2020-07-31,508,520,508,518,1255
2020-08-03,522,542,516,522,4958
2020-08-04,525,525,495,502,9437
2020-08-05,502,503,499,503,8194
2020-08-06,502,515,500,513,3072
2020-08-07,515,515,504,514,4280
2020-08-10,515,515,500,507,2105
2020-08-11,507,512,501,508,2963
2020-08-12,508,508,496.5,497,2249
2020-08-13,496,503,495,503,1337
2020-08-14,497.5,509,497,506,962
2020-08-17,501,505,498.5,505,645
2020-08-18,500,513,499,512,2882
2020-08-19,512,512,505,508,502
2020-08-20,508,510,500,510,890
2020-08-21,504,508,501,508,1710
2020-08-24,507,508,503,503,537
2020-08-25,503,505,502,502,583
2020-08-26,504,507,500,505,924
2020-08-27,509,515,503,503,1157
2020-08-28,504,504,500,504,1397
2020-08-31,504,506,500,506,3446
2020-09-01,503,509,490,496.5,3919
2020-09-02,496,504,496,500,2599
2020-09-03,504,504,500,503,921
2020-09-04,502,502,495,499.5,2397
2020-09-07,500,500,493.5,495,1096
2020-09-08,495,496.5,491.5,495,1189
2020-09-09,491,500,491,500,1115
2020-09-10,492,499.5,492,495,540
2020-09-11,496,498,492,492,1894
2020-09-14,492,494.5,492,492,830
2020-09-15,492,493.5,485,485,4037
2020-09-16,487,493,487,490.5,3040
2020-09-17,490,493,488.5,489,10426
2020-09-18,489,504,489,504,6355
2020-09-21,504,504,492,497.5,343
2020-09-22,497.5,497.5,492.5,493.5,762
2020-09-23,499,499,486,486,2715
2020-09-24,487.5,487.5,480,483.5,2254
2020-09-25,483.5,487.5,482,485,539
