Data,Otwarcie,Najwyzszy,Najnizszy,Zamkniecie,Wolumen
2015-01-02,1.26998,1.41,1.25005,1.39007,6078
2015-01-05,1.35999,1.39997,1.35999,1.39007,790
2015-01-07,1.39007,1.43006,1.39007,1.42003,12633
2015-01-08,1.42003,1.43996,1.37001,1.43996,4885
2015-01-09,1.43006,1.52007,1.43006,1.43996,85335
2015-01-12,1.43006,1.48998,1.43006,1.44999,18119
2015-01-13,1.41,1.43996,1.35999,1.43996,21445
2015-01-15,1.39997,1.39997,1.35999,1.39007,15656
2015-01-16,1.35999,1.39997,1.34005,1.34005,9342
2015-01-19,1.32,1.32,1.29994,1.32,7380
2015-01-20,1.32,1.34996,1.29994,1.32,11048
2015-01-21,1.32,1.37001,1.32,1.37001,2285
2015-01-22,1.34996,1.37001,1.32,1.35999,7379
2015-01-23,1.34005,1.34005,1.33003,1.33003,2755
2015-01-26,1.32,1.34996,1.32,1.34005,3462
2015-01-27,1.34005,1.34996,1.34005,1.34005,4586
2015-01-28,1.32,1.37001,1.32,1.37001,1150
2015-01-29,1.32,1.33003,1.30997,1.32,13503
2015-01-30,1.32,1.32,1.29004,1.30997,5132
2015-02-02,1.32,1.34005,1.25995,1.25995,14565
2015-02-03,1.25005,1.26998,1.21996,1.24002,29086
2015-02-04,1.22999,1.33003,1.21996,1.28001,41578
2015-02-05,1.26998,1.28001,1.26998,1.28001,4628
2015-02-06,1.26998,1.26998,1.25995,1.25995,6050
2015-02-09,1.22999,1.25995,1.22999,1.25995,5149
2015-02-10,1.21996,1.34005,1.21996,1.30997,52342
2015-02-11,1.29994,1.29994,1.29004,1.29004,3079
2015-02-12,1.29004,1.29004,1.22999,1.22999,32985
2015-02-13,1.25005,1.25005,1.22999,1.22999,13408
2015-02-16,1.24002,1.26998,1.24002,1.25995,6016
2015-02-17,1.26998,1.26998,1.22999,1.24002,34714
2015-02-18,1.22999,1.25995,1.21996,1.25005,23914
2015-02-19,1.25005,1.29004,1.24002,1.24002,8931
2015-02-20,1.25005,1.25005,1.22999,1.22999,5060
2015-02-23,1.22999,1.22999,1.20993,1.20993,13526
2015-02-24,1.21996,1.32,1.20003,1.32,88767
2015-02-25,1.32,1.34005,1.30997,1.30997,50523
2015-02-26,1.32,1.35999,1.32,1.32,31353
2015-02-27,1.32,1.35999,1.29994,1.35999,18952
2015-03-02,1.34996,1.46002,1.34996,1.43006,72839
2015-03-03,1.43996,1.55003,1.38004,1.39997,91016
2015-03-04,1.43996,1.57999,1.43006,1.55003,160342
2015-03-05,1.54,1.54,1.43996,1.47005,501148
2015-03-06,1.47005,1.50001,1.44999,1.48998,9100
2015-03-09,1.47005,1.48998,1.43006,1.47005,50968
2015-03-10,1.48008,1.48008,1.39997,1.47005,19050
2015-03-11,1.41,1.46002,1.41,1.44999,9696
2015-03-12,1.43996,1.43996,1.43006,1.43996,122578
2015-03-13,1.42003,1.43006,1.41,1.43006,12042
2015-03-16,1.41,1.44999,1.39997,1.41,4258
2015-03-17,1.38004,1.39997,1.38004,1.39007,20961
2015-03-18,1.41,1.41,1.39007,1.39007,1960
2015-03-19,1.38004,1.44999,1.35999,1.39997,123231
2015-03-20,1.37001,1.39007,1.37001,1.39007,10351
2015-03-23,1.37001,1.48998,1.37001,1.47005,68532
2015-03-24,1.48008,1.48008,1.43996,1.46002,10099
2015-03-25,1.43996,1.47005,1.39997,1.46002,19323
2015-03-26,1.39997,1.43996,1.39997,1.43996,12149
2015-03-27,1.47005,1.47005,1.39997,1.43996,269
2015-03-30,1.43996,1.43996,1.39007,1.39007,8533
2015-03-31,1.38004,1.54,1.38004,1.50991,224928
2015-04-01,1.52007,1.69005,1.50001,1.66999,315091
2015-04-02,1.66999,1.66999,1.59001,1.64993,62552
2015-04-07,1.6201,1.73994,1.6201,1.73994,149567
2015-04-08,1.73994,1.73994,1.60995,1.68002,87048
2015-04-09,1.68002,1.72001,1.68002,1.69995,24388
2015-04-10,1.65996,1.68002,1.65996,1.66999,5034
2015-04-13,1.70998,1.70998,1.55003,1.59001,35804
2015-04-14,1.65996,1.66999,1.59992,1.66999,23055
2015-04-15,1.66999,1.66999,1.6201,1.64993,16132
2015-04-16,1.64993,1.68002,1.60995,1.68002,21380
2015-04-17,1.64993,1.73004,1.6201,1.73004,69392
2015-04-20,1.72001,1.74997,1.69005,1.74997,54046
2015-04-21,1.73994,1.74997,1.72001,1.74997,40149
2015-04-22,1.73994,1.73994,1.69995,1.69995,19878
2015-04-23,1.69995,1.72001,1.69005,1.70998,10787
2015-04-24,1.65996,1.70998,1.60995,1.6201,55480
2015-04-27,1.68002,1.68002,1.63,1.63,5310
2015-04-28,1.6201,1.68002,1.6201,1.66999,92662
2015-04-29,1.66999,1.66999,1.59992,1.64003,9574
2015-04-30,1.59992,1.64003,1.57999,1.64003,29112
2015-05-04,1.59001,1.66999,1.59001,1.65996,23129
2015-05-05,1.64993,1.64993,1.55993,1.60995,93709
2015-05-06,1.60995,1.66999,1.59992,1.65996,51844
2015-05-07,1.64993,1.65996,1.64003,1.65996,18907
2015-05-08,1.65996,1.73994,1.64003,1.73994,80440
2015-05-11,1.69995,1.82004,1.69995,1.81001,163330
2015-05-12,1.81001,1.83997,1.78996,1.83997,63207
2015-05-13,1.83997,1.83997,1.76,1.78005,50919
2015-05-14,1.78005,1.82004,1.78005,1.78005,42667
2015-05-15,1.78005,1.79998,1.76,1.79998,18906
2015-05-18,1.64993,1.64993,1.57008,1.63,141753
2015-05-19,1.63,1.68002,1.63,1.68002,134690
2015-05-20,1.64993,1.68002,1.63,1.66999,62358
2015-05-21,1.64993,1.66999,1.60995,1.64003,14137
2015-05-22,1.64003,1.64003,1.57999,1.64003,52658
2015-05-25,1.63,1.63,1.63,1.63,225
2015-05-26,1.59001,1.64003,1.57999,1.63,12235
2015-05-27,1.59992,1.6201,1.59992,1.6201,17401
2015-05-28,1.59001,1.59001,1.43006,1.43006,282607
2015-05-29,1.39997,1.42003,1.34996,1.39007,136093
2015-06-01,1.35999,1.39997,1.32,1.38004,50972
2015-06-02,1.38004,1.38004,1.34005,1.34996,95536
2015-06-03,1.34996,1.34996,1.29994,1.33003,85090
2015-06-05,1.37001,1.39007,1.34996,1.38004,11690
2015-06-08,1.35999,1.35999,1.32,1.35999,44060
2015-06-09,1.39007,1.39007,1.32,1.33003,18321
2015-06-10,1.32,1.52997,1.32,1.52007,291922
2015-06-11,1.54,1.57008,1.50001,1.50001,113476
2015-06-12,1.50991,1.52007,1.50001,1.50001,26000
2015-06-15,1.50001,1.54,1.37001,1.43006,139713
2015-06-16,1.44999,1.47005,1.42003,1.46002,20719
2015-06-17,1.46002,1.48998,1.44999,1.48008,30875
2015-06-18,1.48008,1.48998,1.47005,1.48008,18099
2015-06-19,1.48998,1.48998,1.44999,1.46002,75513
2015-06-22,1.46002,1.48998,1.44999,1.48998,46930
2015-06-23,1.48998,1.50001,1.48008,1.48998,40009
2015-06-24,1.48998,1.48998,1.38004,1.44999,57103
2015-06-25,1.39007,1.44999,1.39007,1.39997,14997
2015-06-26,1.39007,1.39997,1.39007,1.39997,7543
2015-06-29,1.37001,1.37001,1.30997,1.34005,62507
2015-06-30,1.34005,1.37001,1.30997,1.33003,6557
2015-07-01,1.33003,1.39997,1.33003,1.39997,27285
2015-07-02,1.39997,1.39997,1.34996,1.34996,7057
2015-07-03,1.39997,1.39997,1.34005,1.37001,24237
2015-07-06,1.34996,1.39007,1.34996,1.38004,7773
2015-07-07,1.38004,1.38004,1.34996,1.37001,6198
2015-07-08,1.35999,1.38004,1.33003,1.37001,26402
2015-07-09,1.37001,1.37001,1.30997,1.37001,5061
2015-07-10,1.30997,1.39997,1.30997,1.39997,8828
2015-07-13,1.39997,1.44999,1.39997,1.43996,11366
2015-07-14,1.43996,1.43996,1.37001,1.43996,5670
2015-07-15,1.41,1.43996,1.34996,1.39007,13615
2015-07-16,1.39007,1.47005,1.39007,1.44999,42105
2015-07-17,1.48998,1.48998,1.48008,1.48008,41303
2015-07-20,1.50001,1.50001,1.43006,1.46002,19508
2015-07-21,1.46002,1.46002,1.43006,1.46002,11165
2015-07-22,1.43996,1.43996,1.43006,1.43006,15294
2015-07-23,1.43006,1.48008,1.43006,1.47005,3145
2015-07-24,1.43006,1.48008,1.43006,1.47005,30556
2015-07-27,1.48008,1.52997,1.48008,1.48998,135882
2015-07-28,1.48008,1.48998,1.47005,1.48998,6549
2015-07-29,1.48998,1.52007,1.47005,1.48008,8285
2015-07-30,1.43006,1.43006,1.42003,1.43006,16472
2015-07-31,1.38004,1.48008,1.38004,1.42003,2783
2015-08-03,1.46002,1.46002,1.39997,1.39997,10888
2015-08-04,1.38004,1.43996,1.35999,1.38004,23753
2015-08-05,1.39997,1.43006,1.39997,1.41,80782
2015-08-06,1.39997,1.42003,1.35999,1.42003,19690
2015-08-07,1.38004,1.43006,1.38004,1.43006,9175
2015-08-10,1.43996,1.43996,1.38004,1.39007,15629
2015-08-11,1.37001,1.39997,1.35999,1.39997,17244
2015-08-12,1.39997,1.39997,1.39997,1.39997,40
2015-08-13,1.34996,1.39997,1.29994,1.37001,40350
2015-08-14,1.35999,1.35999,1.33003,1.34996,21747
2015-08-17,1.35999,1.35999,1.22999,1.25995,95287
2015-08-18,1.25995,1.29004,1.24002,1.26998,10072
2015-08-19,1.26998,1.34005,1.26998,1.33003,17472
2015-08-20,1.34996,1.34996,1.26998,1.34996,14478
2015-08-21,1.34996,1.35999,1.34996,1.35999,12503
2015-08-24,1.35999,1.35999,1.20003,1.24002,95020
2015-08-25,1.20003,1.30997,1.20003,1.29004,14249
2015-08-26,1.20993,1.26998,1.20993,1.26998,38085
2015-08-27,1.21996,1.28001,1.21996,1.26998,1950
2015-08-28,1.22999,1.24002,1.21996,1.24002,5086
2015-08-31,1.22999,1.22999,1.20003,1.22999,22439
2015-09-01,1.22999,1.38004,1.22999,1.38004,66903
2015-09-02,1.37001,1.37001,1.37001,1.37001,1
2015-09-03,1.33003,1.33003,1.28001,1.32,12068
2015-09-04,1.28001,1.32,1.28001,1.29004,8386
2015-09-07,1.28001,1.29994,1.28001,1.29994,7175
2015-09-08,1.29004,1.33003,1.28001,1.33003,3224
2015-09-09,1.29994,1.29994,1.29004,1.29994,10756
2015-09-10,1.29004,1.29004,1.24002,1.28001,21142
2015-09-11,1.28001,1.32,1.28001,1.29994,27403
2015-09-14,1.32,1.32,1.29994,1.32,119545
2015-09-15,1.34005,1.34005,1.29004,1.34005,1003
2015-09-16,1.28001,1.32,1.28001,1.30997,3824
2015-09-17,1.30997,1.30997,1.25005,1.29994,22399
2015-09-18,1.29004,1.29994,1.28001,1.29994,41594
2015-09-21,1.29994,1.29994,1.28001,1.28001,1911
2015-09-22,1.28001,1.28001,1.22999,1.24002,29639
2015-09-23,1.24002,1.29994,1.22999,1.22999,10094
2015-09-24,1.22999,1.28001,1.21996,1.28001,107232
2015-09-25,1.25005,1.29994,1.25005,1.29004,86043
2015-09-28,1.28001,1.32,1.28001,1.29994,87925
2015-09-29,1.28001,1.29994,1.25005,1.29994,465
2015-09-30,1.24002,1.29004,1.24002,1.29004,501
2015-10-01,1.25005,1.29004,1.25005,1.29004,501
2015-10-02,1.25005,1.28001,1.25005,1.25005,8237
2015-10-05,1.26998,1.28001,1.26998,1.28001,781
2015-10-06,1.24002,1.24002,1.20003,1.21996,96556
2015-10-07,1.21996,1.24002,1.20003,1.21996,22537
2015-10-08,1.20003,1.24002,1.20003,1.20003,56424
2015-10-09,1.20993,1.25995,1.20003,1.21996,80495
2015-10-12,1.20993,1.25005,1.20993,1.24002,22220
2015-10-13,1.25995,1.25995,1.21996,1.21996,12467
2015-10-14,1.21996,1.22999,1.19,1.21996,20370
2015-10-15,1.22999,1.28001,1.22999,1.24002,97539
2015-10-16,1.21996,1.22999,1.20003,1.22999,16519
2015-10-19,1.22999,1.22999,1.20993,1.20993,6746
2015-10-20,1.20003,1.22999,1.16995,1.16995,57618
2015-10-21,1.17997,1.22999,1.16995,1.22999,33857
2015-10-22,1.24002,1.24002,1.21996,1.24002,21230
2015-10-23,1.24002,1.26998,1.20003,1.24002,47156
2015-10-26,1.20003,1.25005,1.20003,1.25005,12125
2015-10-27,1.25005,1.25005,1.24002,1.24002,2079
2015-10-28,1.25995,1.25995,1.24002,1.25005,101953
2015-10-29,1.24002,1.26998,1.24002,1.25995,2041
2015-10-30,1.25995,1.26998,1.24002,1.25005,66992
2015-11-02,1.25005,1.26998,1.25005,1.26998,10791
2015-11-03,1.26998,1.29994,1.25995,1.29994,23858
2015-11-04,1.29994,1.34005,1.25005,1.25005,40193
2015-11-05,1.33003,1.33003,1.25005,1.25005,14957
2015-11-06,1.22999,1.28001,1.21996,1.25005,6704
2015-11-09,1.25005,1.25005,1.21996,1.24002,7697
2015-11-10,1.21996,1.25005,1.20003,1.25005,23781
2015-11-12,1.20993,1.20993,1.20993,1.20993,3130
2015-11-13,1.21996,1.21996,1.20993,1.20993,5032
2015-11-16,1.21996,1.21996,1.15001,1.20003,36562
2015-11-17,1.17997,1.20003,1.11993,1.11993,50431
2015-11-18,1.02002,1.11993,1.02002,1.11993,12101
2015-11-19,1.11993,1.11993,1.1,1.1,3290
2015-11-20,1.06991,1.07994,1.02002,1.06991,13350
2015-11-23,1.1,1.1,1.02992,1.07994,11690
2015-11-24,1.02002,1.07994,0.97,1.00999,60702
2015-11-25,0.95007,0.95007,0.86007,0.86997,65019
2015-11-26,0.86007,0.89003,0.78999,0.81005,69338
2015-11-27,0.81005,0.90996,0.81005,0.90996,43098
2015-11-30,0.95007,0.95007,0.86007,0.90996,41309
2015-12-01,0.88,0.94004,0.88,0.90006,11090
2015-12-02,0.84001,0.90996,0.84001,0.90996,11350
2015-12-03,0.84001,0.90006,0.84001,0.90006,542
2015-12-04,0.90006,0.93002,0.89003,0.90996,135597
2015-12-07,0.85004,0.89003,0.85004,0.86007,3150
2015-12-08,0.85004,0.85004,0.77996,0.77996,54588
2015-12-09,0.77996,0.77996,0.75,0.75,7107
2015-12-10,0.78999,0.81005,0.77006,0.78999,41705
2015-12-11,0.77996,0.80002,0.77996,0.78999,18751
2015-12-14,0.78999,0.80002,0.77996,0.78999,13320
2015-12-15,0.77996,0.78999,0.68996,0.68996,91537
2015-12-16,0.68996,0.73998,0.63994,0.67993,96549
2015-12-17,0.67993,0.80002,0.64997,0.77006,239489
2015-12-18,0.77006,0.77006,0.73998,0.77006,5216
2015-12-21,0.75,0.86007,0.75,0.81995,36286
2015-12-22,0.76003,0.86007,0.76003,0.76003,74651
2015-12-23,0.77006,0.84001,0.76003,0.82998,30727
2015-12-28,0.82998,0.84001,0.77006,0.80002,34211
2015-12-29,0.80002,0.84001,0.77996,0.84001,5401
2015-12-30,0.84001,0.84001,0.77996,0.80002,36739
2016-01-04,0.75,0.80002,0.75,0.80002,6911
2016-01-05,0.80002,0.81005,0.80002,0.81005,751
2016-01-07,0.77006,0.78999,0.73998,0.77006,25582
2016-01-08,0.75,0.80002,0.72004,0.73998,7322
2016-01-11,0.71002,0.78999,0.71002,0.78999,1318
2016-01-12,0.72004,0.78999,0.69999,0.69999,84864
2016-01-13,0.73998,0.73998,0.67993,0.73998,50848
2016-01-14,0.69999,0.69999,0.64997,0.67003,124061
2016-01-15,0.67003,0.69999,0.64997,0.68996,103968
2016-01-18,0.67003,0.67993,0.67003,0.67993,4779
2016-01-19,0.64997,0.67993,0.64997,0.67993,10240
2016-01-20,0.67003,0.67003,0.67003,0.67003,144
2016-01-21,0.67003,0.68996,0.66,0.68996,14752
2016-01-22,0.66,0.67993,0.63994,0.64997,293036
2016-01-25,0.64997,0.67003,0.63994,0.67003,14847
2016-01-26,0.62,0.66,0.62,0.63994,55314
2016-01-27,0.63004,0.63994,0.63004,0.63994,28082
2016-01-28,0.63994,0.63994,0.63004,0.63004,14033
2016-01-29,0.63994,0.63994,0.63004,0.63994,12661
2016-02-01,0.63994,0.64997,0.63004,0.64997,261568
2016-02-02,0.67993,0.81005,0.67993,0.71002,1526866
2016-02-03,0.71002,0.77006,0.68996,0.72995,464116
2016-02-04,0.76003,0.82998,0.76003,0.76003,322279
2016-02-05,0.78999,0.80002,0.73998,0.75,117809
2016-02-08,0.73998,0.75,0.67993,0.72995,355433
2016-02-09,0.72004,0.82998,0.67993,0.82998,634476
2016-02-10,0.82998,0.82998,0.77996,0.81995,120385
2016-02-11,0.81995,0.85004,0.81995,0.85004,13636
2016-02-12,0.88,0.95007,0.82998,0.94004,216637
2016-02-15,0.95007,0.97,0.88,0.94004,399838
2016-02-16,0.97991,0.97991,0.86997,0.86997,305638
2016-02-17,0.89003,0.90996,0.81995,0.89003,113372
2016-02-18,0.90006,0.90006,0.82998,0.89003,44774
2016-02-19,0.90006,0.93002,0.85004,0.86007,81853
2016-02-22,0.91999,0.97991,0.85004,0.97991,207786
2016-02-23,0.99006,1.02002,0.94004,1.02002,140140
2016-02-24,1.02002,1.02992,0.97991,0.99006,78246
2016-02-25,0.95007,1.00009,0.90996,0.97,53429
2016-02-26,0.94004,0.97991,0.91999,0.97,55291
2016-02-29,0.94004,0.97,0.88,0.90006,128633
2016-03-01,0.93002,0.93002,0.84001,0.86007,56066
2016-03-02,0.89003,0.89003,0.86007,0.89003,10208
2016-03-03,0.88,0.95007,0.88,0.95007,41650
2016-03-04,0.93002,0.95007,0.88,0.89003,11093
2016-03-07,0.94004,0.95998,0.90996,0.95007,59054
2016-03-08,0.95998,0.95998,0.91999,0.95007,36659
2016-03-09,0.95007,0.95007,0.91999,0.95007,27488
2016-03-10,0.91999,0.95007,0.91999,0.94004,641
2016-03-11,0.94004,0.95998,0.93002,0.94004,40916
2016-03-14,0.95998,0.95998,0.90996,0.94004,37449
2016-03-15,0.90996,0.93002,0.86997,0.93002,14718
2016-03-16,0.88,0.93002,0.88,0.93002,5752
2016-03-17,0.89003,0.95998,0.88,0.93002,38214
2016-03-18,0.95007,0.95007,0.91999,0.94004,12210
2016-03-21,0.91999,0.94004,0.91999,0.94004,42228
2016-03-22,0.90996,0.94004,0.90996,0.94004,72628
2016-03-23,0.95007,1.02992,0.94004,1.02002,123571
2016-03-24,1.04008,1.06001,1.02992,1.06001,53258
2016-03-29,1.06001,1.11993,1.02992,1.11993,37813
2016-03-30,1.12996,1.19,1.12996,1.17997,115216
2016-03-31,1.20003,1.29004,1.17997,1.24002,195840
2016-04-01,1.21996,1.24002,1.16995,1.20003,43807
2016-04-04,1.20003,1.25005,1.16995,1.21996,102554
2016-04-05,1.21996,1.22999,1.15001,1.20993,57055
2016-04-06,1.21996,1.24002,1.16995,1.20003,39346
2016-04-07,1.19,1.20993,1.17997,1.20003,23790
2016-04-08,1.16995,1.20003,1.13999,1.15001,63330
2016-04-11,1.19,1.19,1.13999,1.16995,16723
2016-04-12,1.17997,1.17997,1.13999,1.15001,38018
2016-04-13,1.15001,1.17997,1.12996,1.15001,66452
2016-04-14,1.15001,1.20003,1.15001,1.16995,70052
2016-04-15,1.16995,1.16995,1.13999,1.16995,202649
2016-04-18,1.11993,1.16995,1.11993,1.16004,6545
2016-04-19,1.16995,1.34996,1.12996,1.32,299605
2016-04-20,1.30997,1.38004,1.29994,1.29994,190806
2016-04-21,1.30997,1.30997,1.22999,1.25995,95596
2016-04-22,1.20993,1.28001,1.20993,1.28001,25101
2016-04-25,1.25995,1.26998,1.20993,1.25005,11094
2016-04-26,1.21996,1.25995,1.1,1.17997,123130
2016-04-27,1.16995,1.16995,1.11003,1.15001,77067
2016-04-28,1.16995,1.25005,1.16995,1.24002,243496
2016-04-29,1.21996,1.25995,1.20003,1.24002,58257
2016-05-02,1.24002,1.24002,1.22999,1.22999,90341
2016-05-04,1.21996,1.24002,1.20003,1.22999,42232
2016-05-05,1.28001,1.34005,1.25995,1.30997,105982
2016-05-06,1.29994,1.29994,1.22999,1.24002,56102
2016-05-09,1.25995,1.29004,1.25995,1.28001,33055
2016-05-10,1.29004,1.29004,1.24002,1.26998,36955
2016-05-11,1.21996,1.25005,1.21996,1.22999,12200
2016-05-12,1.22999,1.24002,1.20993,1.24002,22648
2016-05-13,1.25995,1.25995,1.20993,1.20993,7523
2016-05-16,1.24002,1.24002,1.20993,1.24002,22240
2016-05-17,1.20993,1.21996,1.17997,1.17997,30641
2016-05-18,1.16995,1.19,1.13999,1.15001,21129
2016-05-19,1.1,1.11993,1.06001,1.11993,88798
2016-05-20,1.12996,1.16004,1.09009,1.15001,17170
2016-05-23,1.17997,1.17997,1.16004,1.16995,4775
2016-05-24,1.15001,1.17997,1.15001,1.17997,14962
2016-05-25,1.11003,1.17997,1.11003,1.16995,13269
2016-05-27,1.11993,1.16995,1.11993,1.15001,17276
2016-05-30,1.15001,1.16995,1.12996,1.16004,5200
2016-05-31,1.12996,1.15001,1.1,1.12996,7514
2016-06-01,1.1,1.11003,1.06001,1.07994,33946
2016-06-02,1.06001,1.11003,1.06001,1.1,2999
2016-06-03,1.06001,1.1,1.06001,1.06991,6718
2016-06-06,1.11003,1.11003,1.06991,1.1,4451
2016-06-07,1.07994,1.1,1.06001,1.1,7361
2016-06-08,1.06001,1.07994,1.06001,1.07994,9550
2016-06-09,1.06001,1.09009,1.04998,1.07994,8317
2016-06-10,1.04998,1.07994,1.00999,1.04008,31007
2016-06-13,1.02002,1.04008,1.02002,1.04008,14862
2016-06-14,1.04008,1.04008,1.02002,1.02002,17838
2016-06-15,1.00999,1.06991,1.00999,1.04998,56903
2016-06-16,1.02002,1.04998,1.00999,1.00999,18680
2016-06-17,1.00999,1.04008,1.00999,1.04008,4050
2016-06-20,1.02002,1.04008,1.02002,1.04008,11795
2016-06-21,1.02002,1.04008,0.94004,1.04008,29427
2016-06-22,1.06001,1.06001,1.00999,1.06001,8140
2016-06-23,1.04998,1.12996,1.04998,1.12996,60483
2016-06-24,1.06001,1.06991,0.97991,1.04998,41711
2016-06-27,1.06991,1.09009,1.06001,1.07994,10729
2016-06-28,1.1,1.15001,1.1,1.13999,8870
2016-06-29,1.13999,1.15001,1.1,1.13999,11010
2016-06-30,1.13999,1.15001,1.13999,1.15001,1001
2016-07-01,1.13999,1.13999,1.13999,1.13999,15
2016-07-04,1.12996,1.13999,1.06991,1.13999,11148
2016-07-05,1.09009,1.13999,1.09009,1.09009,1070
2016-07-06,1.09009,1.12996,1.06001,1.12996,6636
2016-07-07,1.09009,1.12996,1.07994,1.12996,4199
2016-07-08,1.06001,1.11993,1.06001,1.11993,4750
2016-07-11,1.1,1.12996,1.06001,1.11003,15958
2016-07-12,1.11993,1.11993,1.06991,1.1,4390
2016-07-13,1.06991,1.1,1.06991,1.1,53120
2016-07-14,1.06001,1.1,1.04998,1.1,13892
2016-07-15,1.06991,1.1,1.02992,1.1,23582
2016-07-18,1.1,1.1,1.06991,1.06991,2900
2016-07-19,1.06991,1.06991,1.02992,1.04998,21565
2016-07-20,1.04998,1.15001,1.04998,1.11993,107113
2016-07-21,1.12996,1.35999,1.12996,1.29994,401803
2016-07-22,1.29994,1.39007,1.25005,1.34005,276534
2016-07-25,1.35999,1.35999,1.29994,1.32,192549
2016-07-26,1.33003,1.44999,1.32,1.41,186953
2016-07-27,1.43996,1.43996,1.38004,1.43006,97451
2016-07-28,1.39997,1.42003,1.35999,1.38004,59822
2016-07-29,1.38004,1.43006,1.34005,1.39997,63879
2016-08-01,1.39997,1.43996,1.39997,1.42003,26846
2016-08-02,1.43006,1.43006,1.38004,1.39007,21465
2016-08-03,1.37001,1.39007,1.34996,1.35999,91922
2016-08-04,1.34996,1.42003,1.34996,1.42003,251857
2016-08-05,1.43006,1.43006,1.38004,1.38004,123650
2016-08-08,1.39997,1.42003,1.39007,1.39007,14215
2016-08-09,1.39007,1.41,1.35999,1.39007,20842
2016-08-10,1.35999,1.39997,1.33003,1.39007,87604
2016-08-11,1.37001,1.39007,1.37001,1.37001,13567
2016-08-12,1.38004,1.39007,1.35999,1.38004,52769
2016-08-16,1.39997,1.39997,1.35999,1.35999,63727
2016-08-17,1.35999,1.35999,1.25005,1.25995,162579
2016-08-18,1.29004,1.29004,1.19,1.20003,33880
2016-08-19,1.24002,1.25995,1.16995,1.19,63298
2016-08-22,1.21996,1.22999,1.17997,1.17997,38204
2016-08-23,1.20003,1.25005,1.19,1.20003,48773
2016-08-24,1.20003,1.25005,1.20003,1.25005,31875
2016-08-25,1.25005,1.25005,1.20003,1.20003,46859
2016-08-26,1.24002,1.24002,1.20993,1.22999,36388
2016-08-29,1.22999,1.29994,1.20003,1.29994,58829
2016-08-30,1.34005,1.34005,1.29994,1.29994,330751
2016-08-31,1.29994,1.29994,1.24002,1.28001,37913
2016-09-01,1.29004,1.29004,1.20993,1.20993,42079
2016-09-02,1.21996,1.25995,1.21996,1.21996,29561
2016-09-05,1.20993,1.25005,1.20993,1.25005,10895
2016-09-06,1.22999,1.25005,1.20993,1.25005,12656
2016-09-07,1.25005,1.25005,1.20993,1.25005,17989
2016-09-08,1.25005,1.26998,1.22999,1.25995,25663
2016-09-09,1.22999,1.26998,1.22999,1.25995,17627
2016-09-12,1.22999,1.25005,1.21996,1.22999,64226
2016-09-13,1.22999,1.22999,1.20993,1.21996,34862
2016-09-14,1.21996,1.22999,1.19,1.21996,62866
2016-09-15,1.20003,1.20003,1.20003,1.20003,49198
2016-09-16,1.21996,1.22999,1.16004,1.19,24850
2016-09-19,1.16004,1.20003,1.16004,1.19,9716
2016-09-20,1.19,1.20993,1.15001,1.20993,2065
2016-09-21,1.16995,1.16995,1.12996,1.13999,106846
2016-09-22,1.12996,1.13999,1.1,1.13999,53491
2016-09-23,1.13999,1.17997,1.13999,1.16004,72258
2016-09-26,1.16004,1.30997,1.16004,1.25995,280640
2016-09-27,1.28001,1.29004,1.25005,1.26998,210604
2016-09-28,1.24002,1.28001,1.24002,1.28001,17388
2016-09-29,1.29004,1.35999,1.28001,1.34996,212032
2016-09-30,1.34996,1.37001,1.32,1.37001,127959
2016-10-03,1.38004,1.41,1.37001,1.38004,175441
2016-10-04,1.39007,1.39007,1.33003,1.34005,70278
2016-10-05,1.34005,1.35999,1.28001,1.33003,43357
2016-10-06,1.32,1.34005,1.28001,1.34005,47163
2016-10-07,1.34005,1.38004,1.34005,1.38004,72530
2016-10-10,1.38004,1.39007,1.38004,1.39007,65214
2016-10-11,1.39007,1.44999,1.39007,1.43006,211781
2016-10-12,1.43006,1.43006,1.39007,1.41,19243
2016-10-13,1.39997,1.44999,1.39007,1.43996,161062
2016-10-14,1.43996,1.44999,1.42003,1.44999,48939
2016-10-17,1.44999,1.44999,1.43996,1.44999,43710
2016-10-18,1.43996,1.44999,1.43006,1.44999,99959
2016-10-19,1.43996,1.44999,1.39997,1.41,45262
2016-10-20,1.39997,1.39997,1.39007,1.39997,80473
2016-10-21,1.39997,1.39997,1.35999,1.39007,32566
2016-10-24,1.38004,1.39007,1.38004,1.39007,10974
2016-10-25,1.37001,1.50001,1.37001,1.48008,287620
2016-10-26,1.48008,1.50001,1.48008,1.50001,103536
2016-10-27,1.48998,1.57999,1.47005,1.57999,268718
2016-10-28,1.64993,1.64993,1.57008,1.57008,136474
2016-10-31,1.57008,1.63,1.55993,1.63,29431
2016-11-02,1.59992,1.59992,1.55003,1.57008,29926
2016-11-03,1.50001,1.57008,1.47005,1.55993,230970
2016-11-04,1.52997,1.55993,1.52997,1.54,282639
2016-11-07,1.54,1.54,1.52007,1.54,8450
2016-11-08,1.48008,1.48008,1.37001,1.42003,115230
2016-11-09,1.39997,1.54,1.39997,1.54,11631
2016-11-10,1.55003,1.59001,1.44999,1.44999,51081
2016-11-14,1.46002,1.50001,1.44999,1.46002,35685
2016-11-15,1.50991,1.52997,1.46002,1.46002,101717
2016-11-16,1.43006,1.50001,1.41,1.41,109293
2016-11-17,1.46002,1.46002,1.39997,1.41,47012
2016-11-18,1.43006,1.43996,1.42003,1.43996,15315
2016-11-21,1.43996,1.43996,1.39007,1.41,17441
2016-11-22,1.41,1.42003,1.38004,1.42003,32934
2016-11-23,1.42003,1.42003,1.39007,1.39997,18925
2016-11-24,1.38004,1.42003,1.34996,1.39997,89174
2016-11-25,1.35999,1.43996,1.34996,1.43996,49920
2016-11-28,1.43996,1.47005,1.39997,1.39997,133602
2016-11-29,1.43996,1.50991,1.43996,1.48008,167806
2016-11-30,1.48998,1.54,1.47005,1.54,129301
2016-12-01,1.55003,1.55003,1.48998,1.50001,11114
2016-12-02,1.50001,1.55003,1.47005,1.50991,52929
2016-12-05,1.50001,1.50991,1.47005,1.47005,44580
2016-12-06,1.47005,1.48998,1.47005,1.48998,14620
2016-12-07,1.48998,1.50001,1.47005,1.48998,25542
2016-12-08,1.48998,1.48998,1.47005,1.47005,20744
2016-12-09,1.47005,1.52997,1.47005,1.50991,160935
2016-12-12,1.50991,1.52997,1.47005,1.47005,32795
2016-12-13,1.48008,1.59001,1.48008,1.50991,115085
2016-12-14,1.55003,1.57999,1.50001,1.57999,109614
2016-12-15,1.59992,1.59992,1.52007,1.54,53934
2016-12-16,1.55993,1.57999,1.52997,1.57999,49097
2016-12-19,1.57999,1.57999,1.54,1.55003,52318
2016-12-20,1.54,1.57999,1.54,1.55003,82270
2016-12-21,1.57008,1.57008,1.54,1.54,46831
2016-12-22,1.54,1.54,1.50991,1.50991,20139
2016-12-23,1.50991,1.57999,1.50991,1.55993,69174
2016-12-27,1.52007,1.55993,1.50001,1.55003,23460
2016-12-28,1.55993,1.55993,1.52007,1.52007,84617
2016-12-29,1.50991,1.54,1.50001,1.52997,10896
2016-12-30,1.52997,1.54,1.50991,1.52997,4309
2017-01-02,1.54,1.54,1.50001,1.50001,43196
2017-01-03,1.50001,1.6201,1.50001,1.6201,70947
2017-01-04,1.64003,1.68002,1.57999,1.59992,189717
2017-01-05,1.59992,1.77002,1.59992,1.69995,263736
2017-01-09,1.73004,1.85,1.73004,1.82994,249896
2017-01-10,1.82994,1.85,1.78005,1.79998,32602
2017-01-11,1.78996,1.82994,1.77002,1.82004,53888
2017-01-12,1.79998,1.81001,1.76,1.78005,29653
2017-01-13,1.81001,1.81001,1.70998,1.73004,72183
2017-01-16,1.73004,1.81001,1.73004,1.81001,97660
2017-01-17,1.78996,1.88999,1.78005,1.79998,181005
2017-01-18,1.76,1.79998,1.76,1.79998,39531
2017-01-19,1.82004,1.83997,1.78005,1.83997,48663
2017-01-20,1.79998,1.90002,1.79998,1.90002,115167
2017-01-23,1.90002,1.94001,1.87996,1.91005,243571
2017-01-24,1.92008,1.95004,1.87996,1.87996,142422
2017-01-25,1.96006,1.96997,1.94001,1.96006,19466
2017-01-26,1.96006,2.01008,1.92998,1.98,94266
2017-01-27,1.98,1.98,1.91005,1.95004,26709
2017-01-30,1.96997,1.96997,1.88999,1.90002,44526
2017-01-31,1.92008,1.92998,1.87996,1.92008,8197
2017-02-01,1.92998,1.95004,1.92008,1.95004,44150
2017-02-02,1.94001,1.95004,1.92998,1.95004,89303
2017-02-03,1.92008,1.94001,1.90002,1.92998,145345
2017-02-06,1.91005,1.91005,1.87006,1.90002,86972
2017-02-07,1.85,1.90002,1.85,1.88999,31610
2017-02-08,1.87996,1.87996,1.77002,1.82004,111314
2017-02-09,1.79998,1.91005,1.79998,1.91005,249735
2017-02-10,1.94001,1.94001,1.85,1.88999,209621
2017-02-13,1.88999,1.90002,1.85,1.87006,44757
2017-02-14,1.87996,1.90002,1.86003,1.86003,82074
2017-02-15,1.86003,1.92008,1.86003,1.87006,130881
2017-02-16,1.87996,1.9899,1.87996,1.9899,645069
2017-02-17,2.00005,2.00005,1.91005,1.96997,34065
2017-02-20,1.96997,1.9899,1.95004,1.96997,51629
2017-02-21,1.9899,2.00005,1.96006,1.9899,273587
2017-02-22,2.00005,2.00005,1.98,2.00005,60018
2017-02-23,2.00005,2.00005,1.94001,1.9899,54072
2017-02-24,1.95004,2.00005,1.92998,1.92998,19875
2017-02-27,1.91005,1.96997,1.91005,1.92998,39622
2017-02-28,1.91005,1.92008,1.86003,1.91005,32889
2017-03-01,1.96006,1.96997,1.87996,1.91005,19142
2017-03-02,1.91005,1.96006,1.90002,1.92998,9749
2017-03-03,1.91005,1.92998,1.90002,1.92008,29100
2017-03-06,1.94001,1.94001,1.87996,1.91005,37530
2017-03-07,1.90002,1.94001,1.90002,1.92008,95177
2017-03-08,1.87996,1.92008,1.86003,1.90002,231361
2017-03-09,1.87006,1.87006,1.81001,1.86003,29065
2017-03-10,1.79998,1.86003,1.78005,1.79998,30353
2017-03-13,1.82004,1.87996,1.82004,1.87996,16708
2017-03-14,1.86003,1.87006,1.79998,1.82004,19621
2017-03-15,1.86003,1.86003,1.82004,1.85,28402
2017-03-16,1.82004,1.87006,1.82004,1.87006,1003
2017-03-17,1.83997,1.87996,1.82004,1.87006,117161
2017-03-20,1.87006,1.87996,1.85,1.87996,12450
2017-03-21,1.87996,1.94001,1.87996,1.92998,42974
2017-03-22,1.83997,1.87996,1.82994,1.87996,183943
2017-03-23,1.87996,1.87996,1.79998,1.85,56623
2017-03-24,1.85,1.87006,1.82004,1.85,90403
2017-03-27,1.79998,1.82994,1.78996,1.79998,45498
2017-03-28,1.79998,1.79998,1.73994,1.74997,88192
2017-03-29,1.74997,1.74997,1.70998,1.70998,12496
2017-03-30,1.59992,1.68002,1.57999,1.68002,111189
2017-03-31,1.64003,1.66999,1.64003,1.64003,3950
2017-04-03,1.6201,1.66999,1.59992,1.59992,16491
2017-04-04,1.64993,1.64993,1.59001,1.64993,24093
2017-04-05,1.60995,1.69005,1.60995,1.69005,90599
2017-04-07,1.64003,1.66999,1.63,1.66999,5351
2017-04-10,1.6201,1.6201,1.59992,1.6201,39468
2017-04-11,1.6201,1.6201,1.57999,1.59992,8028
2017-04-12,1.57999,1.59992,1.57999,1.59992,32807
2017-04-13,1.57008,1.57008,1.50991,1.55993,33636
2017-04-18,1.55993,1.57999,1.55993,1.57999,6815
2017-04-19,1.57999,1.59001,1.52997,1.57008,12856
2017-04-20,1.57008,1.6201,1.57008,1.60995,88897
2017-04-21,1.63,1.66999,1.57999,1.57999,29611
2017-04-24,1.57999,1.6201,1.57999,1.60995,9750
2017-04-25,1.60995,1.60995,1.54,1.59001,12918
2017-04-26,1.57008,1.57999,1.54,1.55993,8680
2017-04-27,1.55993,1.63,1.55993,1.63,21847
2017-04-28,1.59992,1.65996,1.59992,1.65996,30896
2017-05-02,1.65996,1.78005,1.65996,1.78005,60703
2017-05-04,1.78005,1.78005,1.73994,1.73994,26221
2017-05-05,1.72001,1.73004,1.72001,1.73004,22510
2017-05-08,1.73004,1.77002,1.69995,1.77002,13138
2017-05-09,1.77002,1.82994,1.77002,1.78996,121260
2017-05-10,1.82994,1.82994,1.78005,1.78996,31828
2017-05-11,1.78005,1.79998,1.76,1.78996,49379
2017-05-12,1.70998,1.79998,1.70998,1.78996,58883
2017-05-15,1.76,1.79998,1.76,1.78005,11210
2017-05-16,1.86003,1.90002,1.72001,1.77002,742314
2017-05-17,1.77002,1.81001,1.63,1.73994,253178
2017-05-18,1.70998,1.74997,1.64993,1.73994,27916
2017-05-19,1.76,1.77002,1.70998,1.73994,54139
2017-05-22,1.73994,1.77002,1.69995,1.74997,96971
2017-05-23,1.76,1.76,1.72001,1.72001,9600
2017-05-24,1.73994,1.73994,1.69005,1.72001,31005
2017-05-25,1.69995,1.69995,1.59992,1.64993,53908
2017-05-26,1.65996,1.73004,1.65996,1.73004,61680
2017-05-29,1.73004,1.76,1.73004,1.73994,24779
2017-05-30,1.74997,1.74997,1.69995,1.73004,15280
2017-05-31,1.72001,1.72001,1.72001,1.72001,85
2017-06-01,1.68002,1.69995,1.64993,1.69995,62748
2017-06-02,1.64993,1.69995,1.64993,1.65996,19804
2017-06-05,1.65996,1.72001,1.65996,1.69005,29304
2017-06-06,1.69005,1.70998,1.69005,1.69005,9964
2017-06-07,1.66999,1.72001,1.66999,1.69005,11985
2017-06-08,1.66999,1.70998,1.66999,1.68002,5170
2017-06-09,1.68002,1.69995,1.66999,1.66999,14312
2017-06-12,1.66999,1.68002,1.66999,1.68002,4503
2017-06-13,1.69005,1.69005,1.69005,1.69005,1
2017-06-14,1.69005,1.69005,1.60995,1.6201,46023
2017-06-16,1.65996,1.65996,1.60995,1.60995,4413
2017-06-19,1.60995,1.65996,1.60995,1.64993,18167
2017-06-20,1.59992,1.64993,1.59992,1.63,4735
2017-06-21,1.59001,1.63,1.57999,1.60995,11075
2017-06-22,1.60995,1.6201,1.57999,1.60995,17177
2017-06-23,1.6201,1.6201,1.6201,1.6201,4540
2017-06-26,1.59992,1.59992,1.57008,1.59001,16830
2017-06-27,1.55003,1.59992,1.54,1.59001,7704
2017-06-28,1.55993,1.55993,1.55003,1.55993,18665
2017-06-29,1.55003,1.55993,1.52997,1.55003,7464
2017-06-30,1.55003,1.59992,1.55003,1.59992,5905
2017-07-03,1.59992,1.59992,1.52997,1.59992,10938
2017-07-04,1.59001,1.59992,1.54,1.59001,88368
2017-07-05,1.59992,1.59992,1.55003,1.59992,1715
2017-07-06,1.57999,1.59992,1.55003,1.59992,11189
2017-07-07,1.59992,1.59992,1.57008,1.59992,3892
2017-07-10,1.59001,1.59992,1.55993,1.59992,10057
2017-07-11,1.59992,1.59992,1.54,1.54,13447
2017-07-12,1.57999,1.57999,1.55003,1.55003,3693
2017-07-13,1.57999,1.57999,1.54,1.54,2203
2017-07-14,1.57999,1.59001,1.54,1.59001,4183
2017-07-17,1.59001,1.59001,1.55003,1.59001,3012
2017-07-18,1.57008,1.59001,1.55993,1.59001,8225
2017-07-19,1.57999,1.57999,1.54,1.57999,6355
2017-07-20,1.57008,1.57008,1.54,1.55003,11017
2017-07-21,1.55993,1.55993,1.50001,1.52007,21093
2017-07-24,1.50001,1.55003,1.34996,1.42003,39728
2017-07-25,1.42003,1.44999,1.34005,1.41,60813
2017-07-26,1.41,1.41,1.39997,1.39997,1866
2017-07-27,1.41,1.42003,1.39007,1.41,31445
2017-07-28,1.41,1.43006,1.39007,1.43006,18039
2017-07-31,1.42003,1.52007,1.42003,1.47005,26848
2017-08-01,1.43996,1.47005,1.43996,1.43996,2774
2017-08-02,1.44999,1.44999,1.39007,1.39997,15291
2017-08-03,1.46002,1.46002,1.38004,1.42003,19013
2017-08-04,1.43006,1.44999,1.42003,1.44999,12233
2017-08-07,1.47005,1.48008,1.44999,1.48008,13232
2017-08-08,1.48008,1.48998,1.44999,1.46002,14898
2017-08-09,1.46002,1.46002,1.41,1.43006,48467
2017-08-10,1.44999,1.44999,1.39007,1.39997,1872
2017-08-11,1.39997,1.39997,1.35999,1.35999,13835
2017-08-14,1.39997,1.39997,1.37001,1.39007,58
2017-08-16,1.39997,1.39997,1.33003,1.38004,116933
2017-08-17,1.39007,1.39007,1.29994,1.29994,44903
2017-08-18,1.29994,1.35999,1.29994,1.34996,10434
2017-08-21,1.34996,1.38004,1.29994,1.38004,33923
2017-08-22,1.38004,1.39007,1.37001,1.38004,40651
2017-08-23,1.38004,1.38004,1.35999,1.38004,13249
2017-08-24,1.37001,1.38004,1.37001,1.38004,751
2017-08-25,1.35999,1.48008,1.35999,1.46002,163787
2017-08-28,1.47005,1.48998,1.44999,1.47005,73385
2017-08-29,1.48008,1.48008,1.43006,1.46002,12332
2017-08-30,1.46002,1.59992,1.46002,1.57008,773392
2017-08-31,1.57999,1.59992,1.50991,1.50991,41809
2017-09-01,1.55003,1.55003,1.42003,1.44999,109603
2017-09-04,1.48998,1.50991,1.46002,1.48998,7724
2017-09-05,1.50991,1.55993,1.50001,1.55003,19745
2017-09-06,1.55003,1.55003,1.50001,1.50001,12924
2017-09-07,1.52007,1.52007,1.44999,1.46002,11550
2017-09-08,1.46002,1.48008,1.44999,1.48008,60460
2017-09-11,1.48008,1.48998,1.47005,1.48008,3301
2017-09-12,1.48998,1.48998,1.44999,1.48008,10454
2017-09-13,1.48998,1.50001,1.41,1.46002,60024
2017-09-14,1.47005,1.47005,1.44999,1.46002,51914
2017-09-15,1.46002,1.46002,1.42003,1.42003,79010
2017-09-18,1.47005,1.47005,1.41,1.41,10189
2017-09-19,1.43006,1.46002,1.39997,1.46002,52680
2017-09-20,1.46002,1.46002,1.42003,1.43996,13837
2017-09-21,1.43996,1.43996,1.39997,1.42003,117004
2017-09-22,1.42003,1.43006,1.41,1.43006,4619
2017-09-25,1.42003,1.43996,1.42003,1.43006,185636
2017-09-26,1.43006,1.57008,1.43006,1.57008,142590
2017-09-27,1.59992,1.59992,1.52997,1.55003,148009
2017-09-28,1.55993,1.55993,1.52997,1.54,21423
2017-09-29,1.54,1.54,1.50991,1.54,9200
2017-10-02,1.54,1.55003,1.47005,1.50991,96930
2017-10-03,1.52007,1.52007,1.44999,1.50001,42847
2017-10-04,1.50001,1.50991,1.43006,1.48998,241041
2017-10-05,1.43996,1.50001,1.43996,1.46002,187412
2017-10-06,1.46002,1.52007,1.43996,1.43996,1140356
2017-10-09,1.44999,1.47005,1.43006,1.43006,119879
2017-10-10,1.43006,1.47005,1.42003,1.43996,504146
2017-10-11,1.47005,1.50001,1.43006,1.46002,114272
2017-10-12,1.47005,1.50001,1.43006,1.46002,531792
2017-10-13,1.46002,1.46002,1.39997,1.42003,200225
2017-10-16,1.43006,1.43996,1.42003,1.43006,40287
2017-10-17,1.43006,1.43006,1.39007,1.41,80001
2017-10-18,1.41,1.41,1.37001,1.37001,207900
2017-10-19,1.39007,1.41,1.34996,1.39007,316883
2017-10-20,1.38004,1.43996,1.37001,1.39997,450492
2017-10-23,1.39997,1.42003,1.39997,1.41,38390
2017-10-24,1.41,1.41,1.34996,1.39007,94740
2017-10-25,1.41,1.42003,1.38004,1.42003,33062
2017-10-26,1.42003,1.42003,1.38004,1.41,28185
2017-10-27,1.41,1.48998,1.41,1.48998,239577
2017-10-30,1.50991,1.54,1.48008,1.52007,111848
2017-10-31,1.52007,1.52007,1.47005,1.47005,160401
2017-11-02,1.48998,1.48998,1.42003,1.43006,100627
2017-11-03,1.43006,1.48008,1.43006,1.47005,156405
2017-11-06,1.48008,1.50001,1.46002,1.46002,30124
2017-11-07,1.47005,1.47005,1.42003,1.44999,16981
2017-11-08,1.44999,1.46002,1.41,1.46002,33406
2017-11-09,1.44999,1.44999,1.41,1.43996,17711
2017-11-10,1.43996,1.50001,1.39997,1.48998,252950
2017-11-13,1.50001,1.50001,1.43996,1.47005,38191
2017-11-14,1.46002,1.48998,1.43006,1.48998,286985
2017-11-15,1.48998,1.50001,1.47005,1.48998,116550
2017-11-16,1.48998,1.52007,1.44999,1.50991,270306
2017-11-17,1.52007,1.52007,1.48008,1.50991,272190
2017-11-20,1.50991,1.52007,1.48008,1.50991,509012
2017-11-21,1.52997,1.52997,1.48998,1.50001,147327
2017-11-22,1.50001,1.50991,1.50001,1.50991,45605
2017-11-23,1.52997,1.52997,1.48998,1.52007,142206
2017-11-24,1.52997,1.52997,1.50001,1.50001,33721
2017-11-27,1.50001,1.50991,1.50001,1.50991,43833
2017-11-28,1.52007,1.52007,1.50001,1.52007,101270
2017-11-29,1.52007,1.52007,1.50001,1.50991,74121
2017-11-30,1.52007,1.52007,1.50001,1.50991,3303
2017-12-01,1.52007,1.52007,1.50001,1.50001,29768
2017-12-04,1.47005,1.50001,1.47005,1.50001,47169
2017-12-05,1.52007,1.52007,1.48998,1.50991,6003
2017-12-06,1.50991,1.50991,1.48998,1.48998,224390
2017-12-07,1.50001,1.50991,1.48998,1.50991,125051
2017-12-08,1.48008,1.50991,1.48008,1.50991,183486
2017-12-11,1.50991,1.50991,1.50001,1.50001,50263
2017-12-12,1.50001,1.52007,1.48008,1.52007,40446
2017-12-13,1.52007,1.52007,1.50001,1.52007,21553
2017-12-14,1.50001,1.52007,1.50001,1.52007,40618
2017-12-15,1.50991,1.50991,1.50001,1.50001,15789
2017-12-18,1.50991,1.50991,1.48008,1.50991,477533
2017-12-19,1.48998,1.50991,1.48008,1.50001,64853
2017-12-20,1.50001,1.50001,1.48008,1.50001,15573
2017-12-21,1.48008,1.48998,1.48008,1.48008,24454
2017-12-22,1.48008,1.48998,1.48008,1.48998,49135
2017-12-27,1.48008,1.50001,1.48008,1.50001,50759
2017-12-28,1.48998,1.50991,1.47005,1.50991,18144
2017-12-29,1.50991,1.50991,1.48998,1.48998,32002
2018-01-03,1.54,1.63,1.50001,1.63,94631
2018-01-04,1.63,1.78005,1.63,1.78005,138715
2018-01-05,1.76,1.82994,1.76,1.82994,179557
2018-01-08,1.82994,1.82994,1.78005,1.81001,95723
2018-01-09,1.81001,1.81001,1.78005,1.78005,26116
2018-01-10,1.78996,1.78996,1.78005,1.78005,8798
2018-01-11,1.79998,1.79998,1.64003,1.73004,26086
2018-01-12,1.72001,1.72001,1.66999,1.68002,45148
2018-01-15,1.68002,1.69995,1.64003,1.68002,141044
2018-01-16,1.69005,1.69005,1.65996,1.68002,13908
2018-01-17,1.69995,1.69995,1.64993,1.66999,9790
2018-01-18,1.69005,1.69005,1.6201,1.6201,44162
2018-01-19,1.64003,1.64003,1.57999,1.6201,40339
2018-01-22,1.6201,1.64003,1.59992,1.64003,44596
2018-01-23,1.64993,1.64993,1.55003,1.55993,43593
2018-01-24,1.55003,1.78996,1.52007,1.78996,241751
2018-01-25,1.78005,1.78005,1.72001,1.74997,41475
2018-01-26,1.74997,1.78996,1.69995,1.74997,56387
2018-01-29,1.78005,1.78996,1.69995,1.74997,172641
2018-01-30,1.77002,1.77002,1.73004,1.77002,20638
2018-01-31,1.77002,1.77002,1.68002,1.70998,34775
2018-02-01,1.74997,1.74997,1.66999,1.69995,79312
2018-02-02,1.73004,1.73004,1.68002,1.69995,27900
2018-02-05,1.73004,1.73004,1.64993,1.64993,34371
2018-02-06,1.59992,1.66999,1.54,1.59001,90999
2018-02-07,1.57008,1.59992,1.55003,1.57008,56622
2018-02-08,1.57999,1.64003,1.57008,1.59992,65878
2018-02-09,1.59992,1.59992,1.57999,1.59992,61548
2018-02-12,1.59992,1.59992,1.57008,1.59001,47796
2018-02-13,1.59992,1.63,1.55003,1.55003,40600
2018-02-14,1.55003,1.59992,1.55003,1.57999,62423
2018-02-15,1.57999,1.64003,1.57999,1.59992,120167
2018-02-16,1.63,1.63,1.57999,1.60995,30468
2018-02-19,1.60995,1.60995,1.55003,1.55003,27181
2018-02-20,1.59001,1.59001,1.55993,1.57999,5654
2018-02-21,1.59001,1.59001,1.55003,1.55003,22451
2018-02-22,1.57008,1.57008,1.55003,1.57008,27660
2018-02-23,1.57999,1.59001,1.55003,1.59001,31163
2018-02-26,1.6201,1.72001,1.60995,1.68002,104577
2018-02-27,1.69005,1.69995,1.64993,1.69005,22872
2018-02-28,1.69005,1.69005,1.64993,1.65996,27102
2018-03-01,1.68002,1.68002,1.59992,1.63,17267
2018-03-02,1.59001,1.64003,1.59001,1.64003,11061
2018-03-05,1.57999,1.64003,1.57999,1.63,20705
2018-03-06,1.64003,1.64003,1.59001,1.64003,28634
2018-03-07,1.64003,1.64003,1.60995,1.64003,7103
2018-03-08,1.65996,1.69005,1.59992,1.69005,69290
2018-03-09,1.69005,1.69005,1.60995,1.63,61237
2018-03-12,1.64993,1.65996,1.6201,1.65996,40978
2018-03-13,1.65996,1.65996,1.6201,1.64003,33839
2018-03-14,1.65996,1.66999,1.60995,1.66999,17643
2018-03-15,1.66999,1.66999,1.59992,1.60995,43495
2018-03-16,1.6201,1.65996,1.57008,1.65996,47383
2018-03-19,1.74997,1.83997,1.69005,1.72001,631893
2018-03-20,1.72001,1.83997,1.69995,1.83997,231183
2018-03-21,1.85,1.91005,1.85,1.87006,220447
2018-03-22,1.87996,1.87996,1.79998,1.85,90044
2018-03-23,1.83997,1.85,1.79998,1.83997,61662
2018-03-26,1.79996,1.95003,1.79,1.86006,111300
2018-03-27,1.89005,1.90001,1.76001,1.76997,70739
2018-03-28,1.79,1.79,1.73002,1.75005,67913
2018-03-29,1.78004,1.79996,1.65,1.76997,175802
2018-04-03,1.75005,1.76997,1.71994,1.75005,55381
2018-04-04,1.76001,1.81003,1.75005,1.79996,40612
2018-04-05,1.79,1.87997,1.79,1.87997,119930
2018-04-06,1.89005,1.89005,1.84003,1.87997,35505
2018-04-09,1.89005,1.92004,1.84998,1.84998,126871
2018-04-10,1.84998,1.87002,1.79996,1.84003,27603
2018-04-11,1.87002,1.87002,1.82995,1.87002,30977
2018-04-12,1.84003,1.84003,1.75005,1.81999,58256
2018-04-13,1.76997,1.81999,1.75005,1.76997,42493
2018-04-16,1.79996,1.82995,1.73997,1.75005,13595
2018-04-17,1.76997,1.79,1.73002,1.75005,29576
2018-04-18,1.75005,1.76001,1.70003,1.76001,56546
2018-04-19,1.75005,1.75005,1.70998,1.71994,28845
2018-04-20,1.73997,1.75005,1.70003,1.71994,22204
2018-04-23,1.70003,1.75005,1.68995,1.70003,62064
2018-04-24,1.71994,1.71994,1.67003,1.70003,44314
2018-04-25,1.70003,1.70003,1.62001,1.65996,69576
2018-04-26,1.62001,1.67003,1.57994,1.64004,126054
2018-04-27,1.64004,1.67999,1.59998,1.65,64524
2018-04-30,1.65,1.71994,1.59998,1.71994,78972
2018-05-02,1.79,1.81003,1.76997,1.76997,230677
2018-05-04,1.79,1.81999,1.76001,1.76001,81556
2018-05-07,1.79996,1.79996,1.67999,1.70003,155798
2018-05-08,1.70003,1.76001,1.67999,1.71994,110140
2018-05-09,1.75005,1.86006,1.70003,1.84003,215107
2018-05-10,1.86006,1.90001,1.76997,1.82995,232601
2018-05-11,1.84998,1.84998,1.73997,1.76997,124624
2018-05-14,1.76997,1.79996,1.73002,1.75005,113343
2018-05-15,1.75005,1.75005,1.70003,1.75005,31810
2018-05-16,1.76001,1.76001,1.65,1.70998,182827
2018-05-17,1.70003,1.73002,1.68995,1.70003,42679
2018-05-18,1.70003,1.70003,1.67003,1.68995,23246
2018-05-21,1.70003,1.78004,1.68995,1.73997,60208
2018-05-22,1.75005,1.76997,1.73997,1.75005,68718
2018-05-23,1.75005,1.75005,1.65996,1.73002,46819
2018-05-24,1.73002,1.73002,1.62001,1.64004,65495
2018-05-25,1.65996,1.65996,1.51,1.59998,320038
2018-05-28,1.64004,1.65,1.62001,1.62001,86163
2018-05-29,1.59998,1.62997,1.56998,1.62997,64850
2018-05-30,1.62001,1.65,1.62001,1.62997,79305
2018-06-01,1.62997,1.62997,1.56998,1.59998,225608
2018-06-04,1.57994,1.59998,1.54995,1.56998,30283
2018-06-05,1.56998,1.59998,1.56003,1.56998,18333
2018-06-06,1.59998,1.61005,1.56003,1.59998,194042
2018-06-07,1.57994,1.65,1.56998,1.62997,50637
2018-06-08,1.62997,1.73997,1.59998,1.68995,399906
2018-06-11,1.73002,1.73002,1.64004,1.65,20611
2018-06-12,1.67999,1.67999,1.54995,1.59998,79496
2018-06-13,1.59002,1.59998,1.56003,1.59998,26547
2018-06-14,1.59002,1.59002,1.53999,1.53999,68339
2018-06-15,1.57994,1.57994,1.53999,1.56998,84501
2018-06-18,1.54995,1.54995,1.51,1.51,83491
2018-06-19,1.51,1.56003,1.47005,1.48001,87807
2018-06-20,1.50004,1.50004,1.39004,1.47005,55670
2018-06-21,1.45998,1.56003,1.43994,1.56003,30416
2018-06-22,1.57994,1.59002,1.47005,1.56003,82494
2018-06-25,1.56003,1.56003,1.48001,1.54995,8850
2018-06-26,1.54995,1.54995,1.48001,1.51,12892
2018-06-27,1.51,1.56998,1.48001,1.56998,8460
2018-06-28,1.56003,1.56003,1.50004,1.56003,9550
2018-06-29,1.56003,1.57994,1.53004,1.57994,15604
2018-07-02,1.59002,1.59002,1.51,1.54995,206851
2018-07-03,1.54995,1.67003,1.53999,1.62997,67918
2018-07-04,1.62997,1.62997,1.53999,1.59998,16854
2018-07-05,1.59002,1.59998,1.51,1.51996,55398
2018-07-06,1.51996,1.54995,1.50004,1.54995,14972
2018-07-09,1.54995,1.54995,1.51,1.53999,8700
2018-07-10,1.54995,1.62997,1.51996,1.59002,61334
2018-07-11,1.62997,1.65,1.56003,1.65,23920
2018-07-12,1.68995,1.68995,1.65,1.65,31113
2018-07-13,1.73997,1.84003,1.73997,1.76001,1296314
2018-07-16,1.81003,1.81003,1.73997,1.75005,58885
2018-07-17,1.75005,1.76001,1.70998,1.75005,46133
2018-07-18,1.76997,1.79,1.75005,1.79,1249146
2018-07-19,1.81003,1.90001,1.79,1.79,702382
2018-07-20,1.79996,1.90001,1.79,1.90001,299798
2018-07-23,1.90001,1.96995,1.81003,1.87997,201575
2018-07-24,1.87997,1.87997,1.81999,1.86006,89391
2018-07-25,1.86006,1.90001,1.84003,1.86006,69519
2018-07-26,1.86006,1.87002,1.79996,1.82995,81581
2018-07-27,1.86006,1.86006,1.75005,1.79,82142
2018-07-30,1.81003,1.84003,1.76001,1.82995,59932
2018-07-31,1.84003,1.92004,1.81999,1.89005,231368
2018-08-01,1.89005,1.89005,1.87997,1.89005,11491
2018-08-02,1.90001,1.90001,1.79996,1.84003,59002
2018-08-03,1.87997,1.87997,1.84003,1.87002,12687
2018-08-06,1.89005,1.92004,1.86006,1.89005,45259
2018-08-07,1.90997,1.90997,1.89005,1.90997,39282
2018-08-08,1.92004,1.92004,1.87002,1.90997,4700
2018-08-09,1.90997,1.90997,1.87997,1.90001,217384
2018-08-10,1.90001,1.98998,1.90001,1.93996,161622
2018-08-13,1.93996,2.07,1.93996,2.07,258196
2018-08-14,2.09999,2.10995,2.04001,2.10995,323788
2018-08-16,2.18996,2.28006,2.07996,2.07996,401377
2018-08-17,2.14006,2.15002,2.07,2.07,43505
2018-08-20,2.09999,2.15002,2.01997,2.09999,95222
2018-08-21,2.10995,2.18996,2.07996,2.18001,176804
2018-08-22,2.20004,2.23999,2.15002,2.23999,253737
2018-08-23,2.24995,2.24995,2.14006,2.18996,77989
2018-08-24,2.18996,2.26002,2.15997,2.20004,47017
2018-08-27,2.20004,2.20004,2.10995,2.15002,65221
2018-08-28,2.12998,2.15997,2.06004,2.06004,70277
2018-08-29,2.04001,2.06004,2.00006,2.00006,123113
2018-08-30,2.04001,2.06004,1.95003,2.04001,123170
2018-08-31,2.06004,2.07,1.95999,2.01997,79007
2018-09-03,2.04996,2.04996,1.84998,2.00006,423017
2018-09-04,2.00006,2.00006,1.90997,2.00006,247707
2018-09-05,1.93,2.01002,1.92004,1.92004,83665
2018-09-06,1.92004,1.95003,1.90001,1.92004,90381
2018-09-07,1.90001,1.92004,1.82995,1.82995,127312
2018-09-10,1.82995,1.87997,1.82995,1.82995,23663
2018-09-11,1.86006,1.86006,1.73002,1.81999,34841
2018-09-12,1.81999,1.81999,1.73997,1.76997,69665
2018-09-13,1.78004,1.87997,1.73997,1.82995,99182
2018-09-14,1.87002,1.87002,1.75005,1.75005,75750
2018-09-17,1.75005,1.79996,1.70998,1.79,32990
2018-09-18,1.79,1.81003,1.70003,1.73997,63190
2018-09-19,1.73002,1.81999,1.73002,1.81999,24622
2018-09-20,1.76997,1.87002,1.76997,1.79996,36987
2018-09-21,1.84998,1.84998,1.79,1.79996,12408
2018-09-24,1.82995,1.84998,1.78004,1.84003,15708
2018-09-25,1.84003,1.84003,1.78004,1.82995,5275
2018-09-26,1.84003,1.84003,1.75005,1.75005,34025
2018-09-27,1.76001,1.78004,1.75005,1.75005,29459
2018-09-28,1.73997,1.79996,1.70998,1.79996,73478
2018-10-01,1.81999,1.81999,1.70003,1.73002,29130
2018-10-02,1.73002,1.73002,1.62001,1.65,110337
2018-10-03,1.67003,1.67999,1.59002,1.64004,45823
2018-10-04,1.64004,1.67999,1.61005,1.64004,91892
2018-10-05,1.67999,1.67999,1.59002,1.62001,36401
2018-10-08,1.67999,1.67999,1.57994,1.57994,51589
2018-10-09,1.57994,1.59998,1.56003,1.59002,3876
2018-10-10,1.64004,1.64004,1.56998,1.59002,21587
2018-10-11,1.51996,1.65,1.51,1.62001,214205
2018-10-12,1.65,1.73002,1.61005,1.70998,51907
2018-10-15,1.70998,1.73997,1.67003,1.73002,48004
2018-10-16,1.73002,1.76997,1.65996,1.75005,56407
2018-10-17,1.79,1.79,1.71994,1.75005,7212
2018-10-18,1.75005,1.82995,1.75005,1.82995,109971
2018-10-19,1.79996,1.84003,1.75005,1.84003,114719
2018-10-22,1.84003,1.84003,1.78004,1.84003,15671
2018-10-23,1.84003,1.84003,1.76001,1.84003,1416
2018-10-24,1.84003,1.84003,1.75005,1.75005,12307
2018-10-25,1.67003,1.84003,1.65996,1.84003,68470
2018-10-26,1.84003,1.90001,1.79996,1.90001,16353
2018-10-29,1.92004,1.93996,1.81999,1.93996,87716
2018-10-30,1.87997,2.00006,1.87997,1.98002,31858
2018-10-31,1.98002,2.00006,1.87997,1.95999,271383
2018-11-02,2.04996,2.04996,1.93,1.98998,31060
2018-11-05,1.98002,1.98002,1.89005,1.89005,54240
2018-11-06,1.89005,1.93996,1.81003,1.81003,212731
2018-11-07,1.79,1.90001,1.78004,1.79996,92672
2018-11-08,1.81999,1.89005,1.79996,1.89005,27475
2018-11-09,1.90001,1.90997,1.87002,1.90001,70237
2018-11-13,1.90001,1.90001,1.84003,1.87997,48679
2018-11-14,1.89005,1.89005,1.84003,1.87997,190
2018-11-15,1.87997,1.87997,1.84998,1.87997,3100
2018-11-16,1.87997,1.87997,1.82995,1.86006,26815
2018-11-19,1.84998,1.86006,1.81003,1.86006,360494
2018-11-20,1.86006,1.86006,1.81999,1.84998,5294
2018-11-21,1.84998,1.86006,1.79996,1.82995,18410
2018-11-22,1.81999,1.84003,1.81999,1.84003,16060
2018-11-23,1.84998,1.86006,1.84003,1.86006,11315
2018-11-26,1.84998,1.84998,1.81999,1.84998,340488
2018-11-27,1.84998,1.84998,1.81999,1.84003,2044
2018-11-28,1.81003,1.84998,1.79,1.82995,68928
2018-11-29,1.82995,1.82995,1.71994,1.73997,128064
2018-11-30,1.73997,1.76997,1.73997,1.73997,15077
2018-12-03,1.73997,1.86006,1.73997,1.86006,88475
2018-12-04,1.86006,1.86006,1.79,1.79996,39421
2018-12-05,1.78004,1.79996,1.75005,1.79,15651
2018-12-06,1.78004,1.79,1.73997,1.78004,25467
2018-12-07,1.78004,1.79996,1.75005,1.79,135486
2018-12-10,1.79,1.79,1.73002,1.73997,30992
2018-12-11,1.73997,1.76001,1.68995,1.76001,31536
2018-12-12,1.78004,1.78004,1.70003,1.73997,24379
2018-12-13,1.73997,1.73997,1.68995,1.70003,118323
2018-12-14,1.70003,1.71994,1.67003,1.71994,7654
2018-12-17,1.67999,1.71994,1.65,1.68995,17276
2018-12-18,1.68995,1.68995,1.62001,1.67999,111152
2018-12-19,1.67999,1.67999,1.62001,1.64004,59121
2018-12-20,1.62001,1.64004,1.59998,1.59998,49364
2018-12-21,1.59998,1.64004,1.59002,1.59998,52568
2018-12-27,1.62001,1.67003,1.59002,1.59998,42216
2018-12-28,1.59998,1.62997,1.54995,1.59998,244000
2019-01-02,1.64004,1.67003,1.59998,1.64004,11156
2019-01-03,1.64004,1.65,1.61005,1.62997,59005
2019-01-04,1.65,1.73997,1.62997,1.73002,78511
2019-01-07,1.73002,1.76001,1.71994,1.76001,47651
2019-01-08,1.75005,1.76001,1.73002,1.75005,43765
2019-01-09,1.76997,1.76997,1.73002,1.73002,5181
2019-01-10,1.76997,1.76997,1.73002,1.75005,3524
2019-01-11,1.75005,1.78004,1.73002,1.75005,42831
2019-01-14,1.73997,1.76001,1.71994,1.76001,9334
2019-01-15,1.76001,1.76001,1.71994,1.75005,13225
2019-01-16,1.70998,1.75005,1.70998,1.75005,36076
2019-01-17,1.75005,1.76001,1.73002,1.73002,11699
2019-01-18,1.73002,1.76001,1.64004,1.70003,82297
2019-01-21,1.67003,1.73997,1.67003,1.71994,11033
2019-01-22,1.71994,1.71994,1.68995,1.70998,30715
2019-01-23,1.71994,1.71994,1.67999,1.70998,5627
2019-01-24,1.70998,1.81999,1.67003,1.79,182128
2019-01-25,1.79,1.79,1.79,1.79,25
2019-01-28,1.81999,1.81999,1.79996,1.81999,41799
2019-01-29,1.81999,1.82995,1.79996,1.81999,21732
2019-01-30,1.81999,1.82995,1.79,1.81999,7130
2019-01-31,1.81003,1.81003,1.76001,1.81003,56271
2019-02-01,1.81003,1.81003,1.76997,1.79,180355
2019-02-04,1.81003,1.81999,1.79,1.81999,52521
2019-02-05,1.81999,1.84998,1.79996,1.81999,280067
2019-02-06,1.81999,1.87997,1.81999,1.86006,193342
2019-02-07,1.84998,1.87002,1.81003,1.84998,76586
2019-02-08,1.84998,1.84998,1.78004,1.84998,57649
2019-02-11,1.84998,1.84998,1.81999,1.84998,22970
2019-02-12,1.84998,1.87002,1.81999,1.86006,133425
2019-02-13,1.86006,1.86006,1.84998,1.86006,5801
2019-02-14,1.87002,1.87002,1.81003,1.84003,15141
2019-02-15,1.84003,1.86006,1.81999,1.86006,48395
2019-02-18,1.87997,1.90001,1.84003,1.87997,221604
2019-02-19,1.87997,1.87997,1.81999,1.87002,21182
2019-02-20,1.87002,1.89005,1.86006,1.89005,41779
2019-02-21,1.87997,1.87997,1.84003,1.87002,26547
2019-02-22,1.87002,2.04996,1.87002,1.96995,634585
2019-02-25,1.96995,2.06004,1.93996,1.98002,356221
2019-02-26,1.98002,2.01002,1.95999,1.96995,99228
2019-02-27,1.96995,1.96995,1.87002,1.95003,50241
2019-02-28,1.93996,1.96995,1.90001,1.93996,19864
2019-03-01,1.87002,2.00006,1.76997,1.93996,734534
2019-03-04,1.96995,1.98002,1.93,1.93996,58104
2019-03-05,1.95003,1.95003,1.93,1.93,77623
2019-03-06,1.94505,1.95003,1.92004,1.94505,78395
2019-03-07,1.95003,1.95003,1.93498,1.93996,29313
2019-03-08,1.93996,1.93996,1.90001,1.93,50046
2019-03-11,1.92004,1.95003,1.92004,1.93,70995
2019-03-12,1.93996,1.93996,1.91494,1.93,105160
2019-03-13,1.93,1.93,1.89005,1.93,38561
2019-03-14,1.93498,1.93498,1.90001,1.93498,34775
2019-03-15,1.93,1.93498,1.90997,1.92502,19475
2019-03-18,1.93,1.93996,1.90001,1.90001,55710
2019-03-19,1.90001,1.91494,1.86006,1.90997,80328
2019-03-20,1.90001,1.90001,1.82995,1.85496,80718
2019-03-21,1.85496,1.87002,1.83505,1.84003,58835
2019-03-22,1.84003,1.86504,1.81999,1.86504,76076
2019-03-25,1.87002,1.875,1.70998,1.81999,218068
2019-03-26,1.84003,1.84003,1.78004,1.81999,99095
2019-03-27,1.81999,1.81999,1.77495,1.78004,52378
2019-03-28,1.78004,1.80505,1.76001,1.78004,69513
2019-03-29,1.79996,1.81999,1.76997,1.80505,114239
2019-04-01,1.82995,1.85496,1.78004,1.845,120400
2019-04-02,1.82497,1.84003,1.81003,1.81003,32978
2019-04-03,1.82497,1.845,1.78004,1.79996,69629
2019-04-04,1.81999,1.83505,1.79996,1.79996,39235
2019-04-05,1.81999,1.85496,1.76997,1.79996,353187
2019-04-08,1.79996,1.81999,1.76997,1.78004,132843
2019-04-09,1.78004,1.81501,1.76997,1.79996,95053
2019-04-10,1.81003,1.81003,1.78004,1.79,51794
2019-04-11,1.79,1.81999,1.76997,1.79,116623
2019-04-12,1.79,1.81999,1.79,1.80505,145639
2019-04-15,1.81501,1.82995,1.79996,1.81999,111134
2019-04-16,1.81999,1.84003,1.81003,1.81999,42130
2019-04-17,1.84003,1.89005,1.81999,1.84998,76178
2019-04-18,1.84998,1.87002,1.81999,1.85496,151423
2019-04-23,1.875,1.89503,1.85496,1.87997,48056
2019-04-24,1.89005,1.90997,1.87002,1.89005,108991
2019-04-25,1.90001,1.90001,1.86006,1.87997,37248
2019-04-26,1.87997,1.87997,1.84003,1.84003,41400
2019-04-29,1.89005,1.89005,1.87002,1.87002,12868
2019-04-30,1.87997,1.87997,1.845,1.87002,41990
2019-05-02,1.79996,1.82497,1.76997,1.81999,294496
2019-05-06,1.81999,1.81999,1.78502,1.79,252122
2019-05-07,1.78502,1.79996,1.56003,1.59998,449177
2019-05-08,1.57994,1.62997,1.54995,1.58504,176353
2019-05-09,1.58504,1.61503,1.58504,1.61005,209731
2019-05-10,1.61503,1.64502,1.59002,1.59002,57877
2019-05-13,1.59002,1.61005,1.56998,1.57496,179948
2019-05-14,1.595,1.595,1.57496,1.59002,31857
2019-05-15,1.595,1.595,1.50004,1.54497,177869
2019-05-16,1.54497,1.58504,1.54497,1.57496,24658
2019-05-17,1.58504,1.59002,1.56998,1.59002,13482
2019-05-20,1.59998,1.59998,1.53004,1.54995,165267
2019-05-21,1.54995,1.59998,1.53999,1.58504,27129
2019-05-22,1.595,1.595,1.54497,1.54995,64465
2019-05-23,1.57994,1.57994,1.54497,1.57994,85135
2019-05-24,1.54995,1.56003,1.51996,1.51996,144748
2019-05-27,1.52506,1.56003,1.50502,1.53999,72145
2019-05-28,1.53004,1.56003,1.51,1.51,54494
2019-05-29,1.51996,1.53501,1.48001,1.48001,143062
2019-05-30,1.47005,1.53999,1.47005,1.53501,55175
2019-05-31,1.51498,1.59998,1.51498,1.59998,346695
2019-06-03,1.59998,1.65,1.56998,1.59998,38378
2019-06-04,1.59998,1.61005,1.57994,1.59002,67410
2019-06-05,1.59998,1.62997,1.57994,1.61005,67690
2019-06-06,1.61503,1.62001,1.57994,1.57994,151177
2019-06-07,1.61005,1.61005,1.59002,1.59002,15174
2019-06-10,1.59998,1.62997,1.59002,1.61503,31907
2019-06-11,1.62997,1.62997,1.60495,1.62001,19444
2019-06-12,1.62997,1.64004,1.59998,1.64004,32779
2019-06-13,1.64004,1.67999,1.62499,1.64004,28758
2019-06-14,1.66506,1.75005,1.65,1.71994,236513
2019-06-17,1.70003,1.73002,1.68995,1.68995,95519
2019-06-18,1.70003,1.71496,1.68497,1.70998,91921
2019-06-19,1.71496,1.735,1.70003,1.73002,21593
2019-06-21,1.73002,1.77495,1.73002,1.76001,73293
2019-06-24,1.76001,1.76997,1.73002,1.73002,82739
2019-06-25,1.68995,1.73002,1.67999,1.71994,37242
2019-06-26,1.70998,1.70998,1.67999,1.70003,15273
2019-06-27,1.67999,1.75005,1.67999,1.70998,44628
2019-06-28,1.73997,1.78004,1.70003,1.76997,54329
2019-07-01,1.76997,1.76997,1.75503,1.76499,29891
2019-07-02,1.76001,1.76499,1.73997,1.76499,32481
2019-07-03,1.77495,1.79996,1.73997,1.79498,127739
2019-07-04,1.79996,1.81003,1.79,1.79996,36651
2019-07-05,1.81003,1.81999,1.79,1.79,18001
2019-07-08,1.79996,1.79996,1.77495,1.79498,9298
2019-07-09,1.79996,1.79996,1.76997,1.79996,12106
2019-07-10,1.79996,1.79996,1.76997,1.79996,29730
2019-07-11,1.79996,1.82497,1.79996,1.79996,144391
2019-07-12,1.82497,1.82497,1.81003,1.81003,13367
2019-07-15,1.81003,1.81003,1.77495,1.81003,18344
2019-07-16,1.81003,1.82995,1.81003,1.81999,13845
2019-07-17,1.81003,1.81003,1.79996,1.79996,81894
2019-07-18,1.80505,1.80505,1.76997,1.79,28838
2019-07-19,1.79,1.79,1.76997,1.78004,52675
2019-07-22,1.76997,1.79,1.76997,1.77495,31963
2019-07-23,1.78004,1.78502,1.75005,1.77495,205225
2019-07-24,1.76001,1.76499,1.75005,1.75005,40019
2019-07-25,1.78502,1.78502,1.67003,1.69505,346259
2019-07-26,1.69505,1.78004,1.64502,1.65,415440
2019-07-29,1.67999,1.70998,1.63495,1.64502,119336
2019-07-30,1.67003,1.67003,1.64004,1.65996,132972
2019-07-31,1.67003,1.68995,1.65,1.65,62920
2019-08-01,1.65996,1.67999,1.64004,1.67003,26434
2019-08-02,1.65,1.67501,1.64004,1.67003,118287
2019-08-05,1.67003,1.67003,1.64004,1.64004,158495
2019-08-06,1.65,1.66506,1.64004,1.65,22520
2019-08-07,1.65996,1.67003,1.64004,1.65,39592
2019-08-08,1.65,1.65,1.62997,1.64004,34431
2019-08-09,1.65498,1.65498,1.62997,1.65498,35906
2019-08-12,1.66506,1.66506,1.64004,1.66506,22113
2019-08-13,1.66506,1.67501,1.64004,1.67003,15512
2019-08-14,1.67003,1.67999,1.65,1.67999,58074
2019-08-16,1.70003,1.71994,1.64502,1.65,112430
2019-08-19,1.67003,1.69505,1.65,1.67003,45987
2019-08-20,1.67003,1.67003,1.65,1.65996,15605
2019-08-21,1.65996,1.67003,1.64502,1.65,25510
2019-08-22,1.66506,1.67501,1.65,1.65498,62188
2019-08-23,1.65,1.67999,1.65,1.65,32033
2019-08-26,1.66506,1.67501,1.64502,1.65,45081
2019-08-27,1.65996,1.66506,1.62997,1.65,73807
2019-08-28,1.65,1.70003,1.65,1.65996,310418
2019-08-29,1.67999,1.68497,1.65498,1.67999,13732
2019-08-30,1.67999,1.67999,1.65,1.67003,64515
2019-09-02,1.67003,1.67003,1.64502,1.65,58820
2019-09-03,1.66506,1.66506,1.65,1.65,23643
2019-09-04,1.66506,1.66506,1.65,1.65,17340
2019-09-05,1.66506,1.68497,1.65498,1.67999,63657
2019-09-06,1.68995,1.73997,1.65,1.69505,108811
2019-09-09,1.70003,1.73002,1.70003,1.70998,46477
2019-09-10,1.70998,1.76001,1.70998,1.75005,186332
2019-09-11,1.75005,1.78502,1.73002,1.76997,122088
2019-09-12,1.78502,1.78502,1.75005,1.75005,86120
2019-09-13,1.75005,1.76001,1.735,1.76001,61059
2019-09-16,1.73997,1.76997,1.73997,1.76001,36045
2019-09-17,1.76001,1.76001,1.73002,1.73002,42749
2019-09-18,1.75005,1.75005,1.71994,1.73002,24832
2019-09-19,1.735,1.75503,1.735,1.75503,21313
2019-09-20,1.76001,1.76499,1.71994,1.72504,84259
2019-09-23,1.735,1.75005,1.65996,1.70003,66656
2019-09-24,1.70998,1.71496,1.67501,1.70003,28075
2019-09-25,1.71994,1.71994,1.67999,1.705,114275
2019-09-26,1.70003,1.73997,1.67501,1.71994,143296
2019-09-27,1.71994,1.74495,1.70998,1.73997,27339
2019-09-30,1.75005,1.75005,1.70998,1.75005,42180
2019-10-01,1.75005,1.75005,1.73997,1.75005,47808
2019-10-02,1.75005,1.75503,1.73997,1.74495,176290
2019-10-03,1.75005,1.75005,1.74495,1.74495,35856
2019-10-04,1.75503,1.77495,1.74495,1.75503,116498
2019-10-07,1.76499,1.81999,1.76499,1.81003,141411
2019-10-08,1.81999,1.875,1.76001,1.78502,220345
2019-10-09,1.79,1.80505,1.79,1.79996,61801
2019-10-10,1.81003,1.81501,1.76997,1.79,38286
2019-10-11,1.79996,1.79996,1.79,1.79,78233
2019-10-14,1.79996,1.79996,1.78502,1.79,29187
2019-10-15,1.79,1.79,1.76001,1.79,138603
2019-10-16,1.79498,1.79498,1.77495,1.78004,88935
2019-10-17,1.79,1.79996,1.78004,1.78004,122557
2019-10-18,1.78502,1.79,1.75005,1.79,190444
2019-10-21,1.78502,1.79,1.75503,1.79,414759
2019-10-22,1.47,1.56,1.45,1.51,175197
2019-10-23,1.52,1.52,1.505,1.505,19181
2019-10-24,1.51,1.52,1.47,1.47,50331
2019-10-25,1.485,1.515,1.47,1.49,64989
2019-10-28,1.5,1.525,1.49,1.52,35607
2019-10-29,1.53,1.53,1.51,1.515,17520
2019-10-30,1.52,1.52,1.485,1.52,39589
2019-10-31,1.52,1.52,1.49,1.52,4720
2019-11-04,1.42,1.44,1.32,1.42,267406
2019-11-05,1.41,1.41,1.36,1.36,53285
2019-11-06,1.39,1.39,1.33,1.39,133883
2019-11-07,1.385,1.385,1.36,1.36,39626
2019-11-08,1.37,1.375,1.34,1.375,29489
2019-11-12,1.375,1.38,1.34,1.37,25145
2019-11-13,1.375,1.375,1.32,1.345,46356
2019-11-14,1.34,1.345,1.32,1.32,73181
2019-11-15,1.33,1.33,1.27,1.27,100109
2019-11-18,1.29,1.29,1.25,1.26,39398
2019-11-19,1.26,1.26,1.18,1.185,311001
2019-11-20,1.19,1.2,1.17,1.19,39142
2019-11-21,1.195,1.23,1.175,1.175,47494
2019-11-22,1.18,1.19,1.17,1.18,19402
2019-11-25,1.17,1.185,1.13,1.17,95785
2019-11-26,1.18,1.2,1.18,1.19,34152
2019-11-27,1.18,1.2,1.18,1.2,20184
2019-11-28,1.2,1.2,1.17,1.195,42646
2019-11-29,1.195,1.195,1.18,1.19,5010
2019-12-02,1.195,1.195,1.18,1.18,15288
2019-12-03,1.18,1.18,1.16,1.17,25070
2019-12-04,1.18,1.185,1.16,1.17,10640
2019-12-05,1.17,1.185,1.15,1.16,35199
2019-12-06,1.155,1.17,1.12,1.14,76241
2019-12-09,1.14,1.14,1.13,1.135,26295
2019-12-10,1.135,1.135,1.125,1.13,59919
2019-12-11,1.12,1.13,1.11,1.12,21754
2019-12-12,1.12,1.14,1.11,1.14,65385
2019-12-13,1.15,1.21,1.15,1.18,82410
2019-12-16,1.2,1.235,1.18,1.23,32820
2019-12-17,1.25,1.26,1.19,1.23,72288
2019-12-18,1.23,1.255,1.2,1.25,20812
2019-12-19,1.25,1.26,1.235,1.235,34149
2019-12-20,1.235,1.25,1.195,1.215,52693
2019-12-23,1.195,1.2,1.16,1.17,82617
2019-12-27,1.17,1.2,1.17,1.2,16728
2019-12-30,1.18,1.25,1.18,1.24,36039
2020-01-02,1.24,1.275,1.235,1.275,29600
2020-01-03,1.275,1.31,1.26,1.28,16647
2020-01-07,1.3,1.31,1.28,1.31,14710
2020-01-08,1.32,1.32,1.28,1.3,27756
2020-01-09,1.3,1.34,1.28,1.33,25225
2020-01-10,1.295,1.31,1.29,1.3,12470
2020-01-13,1.315,1.315,1.29,1.29,22307
2020-01-14,1.3,1.315,1.285,1.285,16538
2020-01-15,1.325,1.325,1.28,1.29,17603
2020-01-16,1.28,1.31,1.28,1.29,15148
2020-01-17,1.32,1.32,1.28,1.29,15803
2020-01-20,1.29,1.29,1.28,1.29,14764
2020-01-21,1.29,1.295,1.28,1.295,9564
2020-01-22,1.295,1.295,1.28,1.28,23930
2020-01-23,1.28,1.29,1.27,1.28,10123
2020-01-24,1.27,1.29,1.27,1.29,31276
2020-01-27,1.29,1.3,1.27,1.27,33046
2020-01-28,1.285,1.285,1.27,1.27,12700
2020-01-29,1.265,1.295,1.25,1.25,50440
2020-01-30,1.24,1.255,1.2,1.255,94498
2020-01-31,1.26,1.26,1.19,1.23,93490
2020-02-03,1.25,1.25,1.205,1.22,34606
2020-02-04,1.25,1.26,1.21,1.24,34810
2020-02-05,1.24,1.27,1.23,1.265,36876
2020-02-06,1.265,1.29,1.24,1.27,90246
2020-02-07,1.27,1.3,1.245,1.275,39969
2020-02-10,1.275,1.28,1.255,1.265,28314
2020-02-11,1.27,1.29,1.245,1.27,21783
2020-02-12,1.27,1.27,1.22,1.24,80339
2020-02-13,1.245,1.255,1.21,1.22,59521
2020-02-14,1.25,1.25,1.21,1.24,29028
2020-02-17,1.29,1.29,1.245,1.25,68709
2020-02-18,1.28,1.28,1.21,1.24,27126
2020-02-19,1.265,1.265,1.17,1.19,94404
2020-02-20,1.19,1.24,1.185,1.23,14100
2020-02-21,1.22,1.24,1.185,1.24,45234
2020-02-24,1.24,1.24,1.14,1.17,44476
2020-02-25,1.15,1.19,1.065,1.1,136692
2020-02-26,1.09,1.1,1.07,1.1,34384
2020-02-27,1.1,1.1,1.03,1.03,122177
2020-02-28,1.01,1.02,0.85,1.02,279438
2020-03-02,1,1.085,0.96,1,176925
2020-03-03,1.02,1.1,1.02,1.06,71907
2020-03-04,1.055,1.06,1.03,1.06,9384
2020-03-05,1.075,1.075,1.02,1.04,31644
2020-03-06,1.045,1.045,1,1.04,41177
2020-03-09,0.998,1,0.95,0.95,70266
2020-03-10,0.95,1,0.95,0.988,43532
2020-03-11,0.96,0.99,0.884,0.89,65848
2020-03-12,0.81,0.848,0.72,0.72,248770
2020-03-13,0.682,0.79,0.614,0.748,157264
2020-03-16,0.73,0.79,0.682,0.74,74429
2020-03-17,0.77,0.79,0.692,0.748,162265
2020-03-18,0.75,0.75,0.682,0.71,369547
2020-03-19,0.71,0.736,0.71,0.734,38546
2020-03-20,0.73,0.778,0.73,0.75,145191
2020-03-23,0.768,0.768,0.72,0.744,28969
2020-03-24,0.77,0.79,0.75,0.788,56484
2020-03-25,0.77,0.82,0.72,0.74,192665
2020-03-26,0.748,0.814,0.748,0.81,121913
2020-03-27,0.83,0.83,0.8,0.818,40275
2020-03-30,0.818,0.84,0.79,0.79,34905
2020-03-31,0.81,0.81,0.78,0.792,48974
2020-04-01,0.81,0.84,0.79,0.838,58762
2020-04-02,0.84,0.87,0.8,0.84,40591
2020-04-03,0.84,0.84,0.804,0.818,38536
2020-04-06,0.82,0.84,0.8,0.84,47557
2020-04-07,0.84,0.89,0.84,0.844,58099
2020-04-08,0.85,0.888,0.844,0.88,91451
2020-04-09,0.89,0.89,0.86,0.864,49405
2020-04-14,0.89,0.91,0.854,0.868,213290
2020-04-15,0.908,0.91,0.832,0.832,155203
2020-04-16,0.868,0.904,0.83,0.9,104692
2020-04-17,0.914,0.97,0.89,0.9,133767
2020-04-20,0.9,1.045,0.9,0.98,178578
2020-04-21,1,1.01,0.894,0.95,213740
2020-04-22,0.93,0.988,0.914,0.95,36584
2020-04-23,0.988,0.988,0.94,0.96,11013
2020-04-24,0.988,1.01,0.95,0.98,74562
2020-04-27,0.994,0.994,0.938,0.95,40141
2020-04-28,0.98,0.98,0.938,0.94,40464
2020-04-29,0.95,0.968,0.93,0.968,21164
2020-04-30,0.966,0.966,0.93,0.948,29437
2020-05-04,0.948,0.948,0.91,0.91,40242
2020-05-05,0.91,0.912,0.878,0.88,52860
2020-05-06,0.87,0.878,0.84,0.846,53758
2020-05-07,0.846,0.876,0.84,0.852,27335
2020-05-08,0.87,0.87,0.844,0.87,49144
2020-05-11,0.88,0.912,0.87,0.89,29400
2020-05-12,0.898,0.898,0.872,0.894,16050
2020-05-13,0.896,0.896,0.846,0.876,24387
2020-05-14,0.876,0.88,0.85,0.876,17341
2020-05-15,0.848,0.87,0.83,0.842,35498
2020-05-18,0.88,0.88,0.81,0.866,34281
2020-05-19,0.866,0.878,0.84,0.858,27700
2020-05-20,0.86,0.86,0.858,0.86,7012
2020-05-21,0.86,0.916,0.85,0.874,128309
2020-05-22,0.908,0.92,0.892,0.92,56693
2020-05-25,0.922,0.94,0.882,0.94,23549
2020-05-26,0.95,0.952,0.902,0.926,87583
2020-05-27,0.926,0.97,0.92,0.97,164566
2020-05-28,0.97,0.98,0.92,0.954,88937
2020-05-29,0.956,0.956,0.922,0.93,48155
2020-06-01,0.95,0.98,0.922,0.98,57368
2020-06-02,0.98,0.988,0.962,0.964,34678
2020-06-03,0.988,1.155,0.97,1.05,364059
2020-06-04,1.1,1.19,1.05,1.095,465796
2020-06-05,1.1,1.1,1.06,1.085,172004
2020-06-08,1.095,1.1,1.025,1.04,101236
2020-06-09,1.035,1.035,1.005,1.015,62889
2020-06-10,1.02,1.06,0.98,1.01,106816
2020-06-12,0.95,1.01,0.93,1.01,65243
2020-06-15,1,1.03,0.98,1.01,19395
2020-06-16,1.025,1.04,0.99,1,55503
2020-06-17,1,1,0.982,1,24688
2020-06-18,0.998,0.998,0.986,0.99,7120
2020-06-19,0.998,1,0.98,1,37542
2020-06-22,1,1.095,0.98,1.03,112730
2020-06-23,1.03,1.055,1.02,1.055,247292
2020-06-24,1.055,1.08,1.035,1.08,61685
2020-06-25,1.05,1.075,1.04,1.06,36201
2020-06-26,1.035,1.065,1.025,1.045,17119
2020-06-29,1.04,1.04,0.978,0.998,134128
2020-06-30,0.998,1,0.984,0.984,12087
2020-07-01,0.984,1,0.984,1,25315
2020-07-02,1,1,0.96,0.984,84503
2020-07-03,0.984,1,0.974,1,49947
2020-07-06,1,1,0.98,0.984,43380
2020-07-07,0.982,0.996,0.976,0.996,38055
2020-07-08,0.994,1.09,0.98,1.005,860403
2020-07-09,1.02,1.02,0.93,0.94,303232
2020-07-10,0.956,0.96,0.892,0.95,99805
2020-07-13,0.95,0.968,0.94,0.966,10003
2020-07-14,0.952,0.966,0.946,0.946,21736
2020-07-15,0.95,0.968,0.95,0.968,38663
2020-07-16,0.968,0.968,0.926,0.948,57757
2020-07-17,0.966,0.986,0.94,0.982,36143
2020-07-20,0.982,0.988,0.942,0.986,34344
2020-07-21,0.952,0.986,0.952,0.978,49672
2020-07-22,0.98,0.98,0.952,0.952,41440
2020-07-23,0.972,1,0.962,0.99,168619
2020-07-24,0.99,0.99,0.92,0.95,123632
2020-07-27,0.95,0.96,0.924,0.94,64867
2020-07-28,0.94,0.944,0.92,0.93,57327
2020-07-29,0.926,0.94,0.91,0.94,39115
2020-07-30,0.94,0.94,0.89,0.89,105956
2020-07-31,0.882,0.92,0.88,0.914,18466
2020-08-03,0.944,0.944,0.892,0.928,20347
2020-08-04,0.93,1.2,0.93,1.2,1558686
2020-08-05,1.31,1.44,1.26,1.38,1726713
2020-08-06,1.36,1.36,1.27,1.295,430096
2020-08-07,1.315,1.33,1.19,1.275,365755
2020-08-10,1.275,1.4,1.26,1.34,340915
2020-08-11,1.35,1.36,1.3,1.315,187785
2020-08-12,1.315,1.32,1.255,1.28,114702
2020-08-13,1.245,1.275,1.24,1.25,66769
2020-08-14,1.32,1.32,1.255,1.26,46852
2020-08-17,1.28,1.295,1.255,1.28,62415
2020-08-18,1.32,1.38,1.32,1.35,501806
2020-08-19,1.35,1.35,1.3,1.32,141017
2020-08-20,1.34,1.34,1.285,1.29,27885
2020-08-21,1.29,1.35,1.25,1.325,85192
2020-08-24,1.28,1.37,1.28,1.32,104109
2020-08-25,1.325,1.37,1.315,1.34,61280
2020-08-26,1.35,1.35,1.295,1.32,25868
2020-08-27,1.35,1.35,1.295,1.32,9306
2020-08-28,1.32,1.325,1.285,1.285,55176
2020-08-31,1.3,1.3,1.265,1.27,77952
2020-09-01,1.29,1.29,1.205,1.22,81986
2020-09-02,1.22,1.22,1.17,1.2,81070
2020-09-03,1.195,1.26,1.195,1.24,62259
2020-09-04,1.26,1.26,1.2,1.21,52375
2020-09-07,1.225,1.245,1.21,1.245,10592
2020-09-08,1.23,1.23,1.11,1.16,190772
2020-09-09,1.16,1.24,1.14,1.19,40954
2020-09-10,1.22,1.22,1.16,1.205,19650
2020-09-11,1.205,1.215,1.17,1.175,6999
2020-09-14,1.18,1.19,1.135,1.14,42809
2020-09-15,1.175,1.175,1.12,1.135,19228
2020-09-16,1.135,1.17,1.115,1.14,80919
2020-09-17,1.13,1.18,1.13,1.18,39314
2020-09-18,1.18,1.21,1.14,1.18,73466
2020-09-21,1.2,1.2,1.105,1.14,51674
2020-09-22,1.13,1.13,1.105,1.13,28470
2020-09-23,1.12,1.135,1.1,1.1,54863
2020-09-24,1.105,1.11,1.06,1.105,32735
2020-09-25,1.14,1.28,1.14,1.2,524860
